h.264,1
userscripts,2
netcdf,1
dropbox-api,1
ssms-2008,1
network-adapter,2
windows-ce,2
electricity,1
ramdisk,1
barcode-scanner,1
jvm-languages,1
dell,5
computed-columns,1
listview,23
uisearchbardisplaycontrol,1
form-authentication,1
dynamics-crm,1
errors,2
bittorrent,1
dbcontext,1
development-environment,2
fossil,1
tcpclient,2
widget,3
sequence-alignment,1
spherical-harmonics,1
jasmine,3
kvm-switch,1
cocoa-design-patterns,1
speedfan,1
gridlayout,1
culling,1
wp-options,1
pgf-core,1
useragent,1
cancellation,1
curve-fitting,1
criticism,1
jquery-ajax,24
c-api,1
stackframe,1
replace,5
unix,32
tapandhold,1
uniq,1
derivatives,2
fstream,1
data-warehouse,2
music,3
dns,21
tokenize,2
jmx,3
jms,7
kineticjs,1
wxhaskell,2
p4v,1
code-analysis,1
shelve,1
differential-geometry,5
droppable,2
junit-runner,1
smtp,9
git-checkout,1
titanium,3
fibonacci,2
organizer,1
yui,2
jquery-accordion,1
travel,1
avfoundation,3
actionscript,23
remote-access,4
nhibernate,22
winsock,1
updatepanel,5
generator-expression,1
omnicomplete,2
diagram,1
iis-6,1
amsart,2
createdibsection,1
constants,3
webfonts,1
minification,1
alias,3
jquery-tabs,1
point-of-sale,1
wine,2
network-design,1
authorize-attribute,1
bootstrapper,1
html-table,1
spring-data-jpa,1
concurrency,10
uuid,1
fit,1
android-ndk,12
hidden,2
variables,20
job-performance,1
texture2d,1
effects,1
mpmovieplayer,1
interrupt,1
multidimensional,1
repaint,1
docking-station,1
ria-services,1
iterparse,1
arrow,1
symmetric-polynomials,1
xubuntu,1
azure-storage-tables,1
financial,1
django-authentication,1
functional-programming,10
android-manifest,5
mdx,2
popular-posts,1
mongoid,2
greatest-n-per-group,1
message,3
raid1,1
sms,4
functional-analysis,12
dsl,2
sml,2
proof-strategy,5
problem-solving,1
smb,1
ado.net,10
build-process,3
gunicorn,1
personal-preference,1
user-access,2
iphone-3gs,2
md5,5
higher-rank-types,1
atd,1
atl,1
javafx,2
ati,1
mousedown,1
windows-mobile,5
mingw,3
formview,1
customization,9
osgi-bundle,1
xib,1
smartgwt,2
service,13
wsdl2java,1
jstl,2
listen,1
windbg,2
zend-paginator,1
iteration,3
dynamics-crm-4,1
file-upload,12
treeview,8
virtualization,16
build-automation,4
websocket,6
filemaker,1
undefined-index,1
megaraid,1
itemizedoverlay,1
irreducible-polynomials,1
blazeds,1
freedesktop.org,1
office-interop,2
mkmapview,2
three.js,5
transactions,3
object,21
metrics,5
msysgit,1
jmeter-plugins,1
icloud,1
asp.net-mvc,103
macbook,3
practice-problems,1
playframework-1.x,1
fabricjs,1
json-decode,1
caml,2
language-agnostic,8
iphone-web,1
querydsl,1
document-classes,1
autoit,1
layout,25
menu,14
career-development,3
evolutionary-algorithm,1
qgraphicsview,1
shortest-path,1
onapp,1
taylor-expansion,1
svn-client,1
patch,3
symfony-forms,1
software-installation,1
release,1
data-loss,1
metadata,2
modelbinders,2
respond,1
xtragrid,1
tool-uml,1
radius,2
cloning,2
latex3,1
hammer,1
entity-framework-mapping,1
delphi,27
stackoverflowexception,1
windows-live-messenger,1
class-design,4
viewcontroller,1
posix,1
irb,1
axiom-of-choice,2
extend,1
jquery-validate,3
gnu-make,1
nstimer,2
downgrade,1
carbon,1
wtl,1
topology,2
sd-card,3
triggers,7
dalvik,1
adapter,4
syntax-highlighting,2
logic,11
global-variables,1
login,19
innerhtml,2
development-process,1
kohana,2
blending,1
dhcp-server,1
diff,6
inode,2
billing,2
signalr,1
chrome,2
twain,1
numerical-methods,2
tutorials,2
partial-classes,1
web-interface,1
wpdb,1
intentfilter,1
telnet,2
lift,1
web-hosting,4
sub-arrays,3
osx-leopard,2
datatable,9
spim,1
typoscript,1
cross-referencing,2
visual-studio-2012,8
texlive,2
visual-studio-2010,60
data-structures,13
player,1
linechart,1
jquery-live,1
variations,1
buttonclick,1
directed-graph,1
userprofilemanager,1
split,11
maven-release-plugin,1
templates,21
refix,1
vectorization,1
refit,1
filenames,6
javascriptmvc,2
cocoa,44
partition-magic,1
gzip,3
language-history,1
digest-authentication,1
dependency-properties,1
throttling,1
garbage-collection,10
web-developer-toolbar,1
ms-access-2007,1
openjpa,1
fortran,4
collections,10
configurable-product,1
reference-request,6
synchronisation,1
most-vexing-parse,1
easymock,1
fastreport,1
find-and-replace,2
appendto,1
shadow,2
unique,1
case-sensitive,1
ctime,1
jgrasp,1
time-series,1
winpcap,1
memory-leaks,11
fancybox,6
internet-explorer-9,7
onchange,2
xmlserializer,1
bounded-wildcard,1
applescript,7
subclass,2
saxparseexception,1
barcode,2
string.h,1
wss4j,1
noconflict,2
graphics-card,1
foreign-keys,5
force.com,1
joomla,14
wordpress-plugin,1
error-logging,1
tuareg,1
wrap,1
direct3d,2
tightvnc,2
trackbar,1
combinatorics,16
general-topology,9
width,6
wordpress,49
rcpp,1
dllimport,2
eclipse-pde,2
paypal,5
notifications,9
start-process,1
eclipse-pdt,1
arrays,88
mongomapper,1
google-maps-markers,1
powershell,25
youtube-api,2
passenger,3
viewmodel,2
tournament,1
ddos,2
timezone,3
apache-commons-codec,1
auto-pst-pdf,1
uipickerview,2
actor,2
3d-model,1
packet-capture,2
jenkins,5
models,2
asterisk,2
professional,1
tablecellrenderer,1
setinterval,2
contacts,5
arch-linux,3
time,10
push,2
webbrowser,3
beamer,3
codeblocks,3
osx,80
chain,1
lambda-calculus,1
osm,1
iis7.5,3
mpeg2-ts,1
bufferedwriter,1
jtextarea,1
qvariant,1
choice,1
datajs,1
knapsack,1
login-items,1
switch-statement,2
solver,1
tex,1
ultrabook,1
setup,4
zebra-printers,1
edittext,5
visual-studio-extensions,1
javascript-events,16
sign,1
restkit,3
data-uri,1
django-queryset,1
headset,2
iphone-sdk-5.0,1
axes,1
codenarc,1
nearlyfreespeech,1
boost,12
rave-reports,1
domain-mapping,1
dropdown,1
natural-numbers,1
splice,1
address,2
windows-7,80
vb.net,74
title,4
example,4
queue,6
tasks,1
android-widget,12
jeditable,1
ipn,1
code-access-security,2
bookmarks,1
intellij-idea,6
wicket,4
httpwebrequest,2
scope,8
strdup,1
realtek,1
siebel,1
petrel,1
entity-framework-4.3,2
entity-framework-4.1,4
ninject,4
printing,14
android-sensors,1
awesome,1
logrotate,2
incremental,1
uiimagepickercontroller,1
chroot,2
monitoring,6
fpu,1
savon,1
optimal,1
xhtml,7
iphone-privateapi,2
riak-search,1
explorer,2
blobstore,1
applications,2
date,18
actionmailer,2
data,7
google-apps,1
sectors,2
fragment-shader,1
tab-delimited,1
type-systems,2
sandbox,1
webstart,1
tty,1
zepto,1
jquery-dialog,1
power-management,1
ttl,1
xen,4
thumb,1
accordion,5
asp.net-membership,8
methodology,1
urls.py,1
cache-control,2
renaming,1
chaining,1
constantcontact,1
stringbuilder,1
records,1
theme-development,6
macvim,1
virtual-drive,1
data-integrity,1
sound-api,1
inversive-geometry,1
lwuit,2
cropping,2
c++,333
compiz,1
sqlmembershipprovider,1
notificationmanager,1
canvas,27
mahout,1
internet,6
formula,6
link-to,1
hibernate,50
plugin-wp-e-commerce,1
mime,1
postsharp,1
soundcard,1
vector-spaces,2
user-input,3
training,3
ocaml,1
separator,1
luatex,1
routes,9
router,8
intuition,1
saving,3
symmetry,1
nested,5
isnull,1
itextsharp,5
u3,1
open,1
cname-record,1
city,1
ovi,1
naudio,1
flask-sqlalchemy,1
django-taggit,1
params,1
types,16
phtml,2
progress-bar,3
padding,3
10gbethernet,1
distribution-lists,1
lucene,10
future,1
russia,1
xpath,19
jmock,1
sax,2
survival-analysis,1
sas,6
nsurlconnection,3
facebook-graph-api,33
rosetta-stone,1
backbone-views,1
resource-file,1
absolute-path,1
destroy,1
printer,1
buffer,5
client-side-templating,1
c++03,1
pages,2
textarea,1
average,2
d-link,1
batik,1
atoi,1
xetex,3
android-contentprovider,3
visualstatemanager,1
qos,3
synchronous,1
datetime,20
programming-languages,13
bytebuffer,1
xml,117
android-sdk-2.2,3
android-sdk-2.1,1
mkoverlay,1
xmp,1
rounded-corners,1
uitextview,3
clang,1
django-multilingual,1
infowindow,1
android-layout,28
settings,11
where,1
vision,1
datatables,4
socket.io,2
javabeans,2
android-music-player,1
sites,1
jobs,2
logins,1
screen,5
serialization,16
spark,1
jquery-cycle,1
ihttpmodule,2
exchange-server,3
embedded-language,1
infopath2010,1
mkannotationview,1
modal-dialog,4
expression,6
selenium-webdriver,1
workflow-foundation-4,2
system-verilog,2
search-engine,5
begininvoke,1
mapquest,1
popup-window,1
open-session-in-view,1
accelerometer,2
stretch,1
prototype,4
variable-width,1
antivirus,2
multirow,1
variable-assignment,3
bonjour,1
subset-sum,1
alarmmanager,2
setuid,1
group-theory,5
blas,2
zend-studio,2
canon,4
concatenation,1
coordinate-systems,3
cobol,2
ascii,6
ivy,1
smalltalk,1
binary,6
voronoi,1
hostname,3
wiring,1
profile-sync,1
surveillance,1
subdomain,6
cc.complexity-theory,6
rfid,1
wps,1
openldap,2
advertisement,1
extern,2
wpf,114
tracking,2
windows-identity,1
jsfl,1
web-farm,2
qgraphicstextitem,1
nosql,6
c89,1
rest,31
sitecore6,1
gdb,4
jshint,1
clgeocoder,1
gdi,2
greasemonkey,3
generator,1
ruby-on-rails,207
long-integer,1
nsalert,1
sprockets,1
aspects,1
period,1
traffic,1
preference,1
acronyms,1
enums,8
aspectj,3
parent-child,3
intel,3
gtksourceview,1
jquery-ui-dialog,1
grouping,4
folder-size,1
grub,3
runtimeexception,1
conditional,2
temporary-tables,2
exif,3
exim,2
commutative-algebra,3
nook,1
exit,3
timeout,7
power,6
tapjoy,1
procedural-programming,1
google-analytics,6
plane-curves,1
ace,1
package,2
industry,1
acm,1
acl,2
ssms2008,1
beizer,1
permalinks,3
autotools,2
content-type,5
invert,1
relativelayout,1
burning,1
git-revert,1
image,49
stringstream,1
pivot,2
usb-drive,1
multi-language,1
hex,6
rational-rose,1
redirection,1
emacs,16
uiwebview,10
xmlbeans,1
programming-competitions,1
database-mail,1
htpasswd,1
android-asynctask,5
taskbar,2
uiimage,9
utf-16,3
openxml,1
pull,3
dynamic-allocation,1
windows-phone-7.1,3
mixed-language,1
robustness,1
sharpsvn,1
trailing-slash,1
dirty,1
graph-theory,7
invocationtargetexception,2
file-manager,1
.net-assembly,3
jquery-layout,1
delphi-7,1
delphi-5,1
nested-loops,2
objective-c,204
private-methods,1
av,1
method-signature,1
quickbooks,3
uimodalpresentationstyle,1
zend-auth,1
ajaxcontroltoolkit,1
jvmti,1
getscript,1
spatial,1
nomethoderror,2
openid,5
richtextbox,4
wxwidgets,1
microsoft-outlook,3
selected-text,1
masm,1
raphael,4
parallelism,1
horizontallist,1
cpu,3
svg-filters,1
php-errors,1
on-the-fly,1
scp,3
tv,1
sortcomparefunction,1
database-backups,1
internet-security,1
strip-tags,1
sympy,1
basic-authentication,1
java-me,8
resource-cleanup,1
fileserver,1
media-model,1
ventrilo,1
results,2
rm,1
ie6-ie7-bug,1
cable,4
t4,1
opendir,1
sane,1
hosts-file,1
typeconverter,2
nsdocumentsdirectory,1
glsl,2
gridview,13
sync,7
qml,2
pass,1
omniauth,1
subcaption,1
monad-transformers,1
clock,1
section,1
session-storage,1
homescreen,1
hash,7
objectcontext,1
org-mode,4
pidgin,2
legend,1
subview,2
configuration-management,1
emulator,5
pick,1
action,4
openfire,3
vim,22
composition-basics,1
select,24
oracle-apex,1
executable,1
playframework-2.0,6
equipment-storage,1
automata,2
archives,1
asyncsocket,2
openvz,2
appdomain,1
aleph,1
webkit,13
fancybox-2,1
swing-application-framewo,1
installing,3
sql-azure,1
autocomplete,9
android-market,1
query-posts,2
android-audiorecord,1
uiactivityviewcontroller,1
prompt,2
scan,1
google-website-optimizer,1
suggestions,1
createobject,2
visual-studio-debugging,1
mfmailcomposer,1
axis2,2
virtual-machines,3
machine-learning,9
unattended,1
resultset,2
mapping,4
bioinformatics,1
freepascal,1
lifecycle,2
appcelerator-mobile,2
github,3
django,63
nvidia,2
iscsi,2
checkbox,6
html5-animation,1
mixing,1
i386,1
total-commander,1
installer,6
streamwriter,1
exit-code,1
javascript-performance,2
sencha-touch,7
internet-explorer,30
silverlight-oob,1
exec-maven-plugin,1
buffering,1
subtitles,2
assemblies,1
hotkeys,2
gradle,1
web-part,3
site-template,1
asp.net-2.0,1
uploads,3
windows-phone,1
radial-gradients,1
windows-server,4
qr-code,1
reduce,2
crontab,1
amazon-product-api,1
expandablelistview,1
measurement,1
content-management-system,8
distributed-transactions,1
scribe,1
ftp,15
psychology,1
android-source,3
offline,2
media-queries,2
localization,11
proxy,15
stateless-session-beans,2
jdoql,1
definition,1
django-forms,6
positioning,2
working-copy,1
tabindex,1
operator-overloading,1
google.load,1
rss-reader,1
mediaplayer,3
swipe,2
checkpoint,1
sublimetext2,3
sublimetext3,1
code-quality,1
ektorp,1
relationship,1
expression-trees,3
filesystems,16
toshiba-satellite,1
phpmailer,1
prebuild,1
gridgain,1
maintainability,3
input-validation,3
mootools,5
defect,1
wysiwyg,1
form-submit,1
pyserial,1
drop-down-menu,11
metabox,3
internal,2
vmware,5
peer-to-peer,1
asp.net-roles,1
poi-hssf,1
conditional-formatting,1
plan,1
publishing-page,1
exe,1
cover,1
phonegap,25
securityexception,1
artistic,1
asus,1
microsoft,7
wsgi,2
xcode,83
binary-tree,3
interceptors,1
birt,1
session,25
name-mangling,1
blender,1
drupal-modules,1
access,1
indicator,1
keychain,1
processbuilder,1
failed,1
calling-convention,1
columns,2
rackspace-cloud,1
distance,3
js-test-driver,1
image-size,1
synchronization,8
flexbuilder,3
horizontal-scrolling,1
bitmap,5
xml-parsing,8
solution-verification,1
rfc,1
3d,11
freeradius,1
crm,1
set,6
tree,8
jade,1
startup,3
sed,6
migration,7
seo,5
contour,1
protobuf-net,4
confirmation-email,1
itunesconnect,2
mybb,1
liquibase,1
clisp,1
qbasic,1
keyboard-layout,2
imagemagick,8
event-delegation,1
surround-sound,1
javascript,624
integration-testing,1
interface,10
imageio,1
hyperlink,6
glkit,1
pdo,11
connection,8
pdf,33
pde,4
ksoap2,2
load,5
geolocation,11
markdown,6
jasypt,2
web-config,12
except,1
lex,2
data-migration,2
virtual-desktop,1
devil,1
publishing,2
tablename,1
citations,1
breadth-first-search,1
c++-cli,6
xaf,1
system.io,2
kerberos,1
apprequests,1
criteria-api,1
onfling,1
overloading,2
qtableview,2
datasourcecontrol,1
func,1
appmobi,1
optimization,27
pressed,1
error,3
android-browser,1
drawable,1
expander,2
nivoslider,1
calculator,4
code-coverage,1
binding,18
foreign-key-relationship,2
signal-processing,2
24bit,1
inflector,1
x64,1
nsoperation,1
matlab-figure,1
alert,4
cucumber,4
sshfs,1
tsql,39
stack,7
decompiler,2
boot-failure,1
visual-c++-2005,1
lwjgl,1
boost-filesystem,1
quantlib,1
user-defined-functions,1
vga,2
mysql,278
setup-project,2
windows-server-2003-r2,1
product-rec,1
advertisements,1
signals,6
servercontrols,1
snappy,1
location,5
vhosts,1
input,16
m4a,1
format,8
geometric-topology,1
sigmatel,1
htmleditor,1
readyboost,1
site-directory,1
java-3d,2
sorting,22
d,1
marquee,3
nonlinear-functions,1
windows-store-apps,3
methods,23
spring,46
wxpython,5
hard-link,1
libssh,1
finite-groups,2
virtualenv,4
layout-manager,1
religion,1
real-analysis,41
united-states,2
telerik,4
teradata,1
random-walk,1
android-maps-v2,1
audioqueue,1
wlan,1
wget,3
boost-regex,1
b-tree,2
netflix,1
relational-database,1
asmack,1
repair,1
openrowset,1
save-post,1
webalizer,1
intl,1
integral,7
big-list,1
troubleshooting,1
multiple-machines,1
pcre,1
spam,4
jax-rs,4
submit,7
bios,1
improper-integrals,1
mstest,2
odp.net,1
linux-kernel,11
document.ready,1
gige-sdk,1
retina,1
deep-linking,1
linq,65
data-storage,1
application-design,1
atom,1
line,2
android-c2dm,1
cin,1
cil,2
file-sharing,2
lazyload,1
django-signals,1
char,6
chat,2
parsec,1
amqp,1
gnuplot,5
indexing-service,1
scrape,1
codec,3
elements,2
rsync,7
lie-groups,1
linq-to-sql,21
bibliographies,3
my-site,1
algorithm,61
oracle,57
selenium-rc,2
advanced-custom-fields,1
code,1
partial,2
hashmap,9
drupal-services,1
redis,3
kernel-programming,1
tiddlywiki,1
toggle,4
clean-urls,1
cython,1
rails-console,1
screen-reader,1
multicore,2
denyhosts,1
equipment-recommendation,1
listviewitem,1
resources,5
unzip,4
account,2
gtk3,1
topological-groups,1
categories,7
in-memory-database,1
entitymanager,1
in-app,1
iscroll,1
rack,1
biztalk,1
asp-classic,19
self-extracting,1
single-page-application,1
windows-registry,5
time-measurement,1
glusterfs,1
video,27
sql-server-2008,54
index,11
html-helper,2
named-parameters,1
sql-server-2000,5
multimedia,1
sql-server-2005,36
box2d,1
wireshark,4
winapi,27
development-approach,1
ubuntu,53
musicbrainz,1
openmp,4
rdp,1
date-range,1
wcf-ria-services,6
survey,1
derby,2
entity-relationship,1
firefox,32
expression-encoder,1
http-put,1
lwp-useragent,1
tools,3
instantiation,2
certificate,4
google-app-engine,24
physics,4
css-sprites,1
src,1
ldap,3
scheduled-tasks,3
retain-cycle,1
gherkin,1
isomorphism,1
portability,3
this,3
thin,2
activeadmin,2
scatter,1
native-code,1
irrational-numbers,1
process,10
lock,1
file-descriptor,1
javadoc,4
mono-framework,1
haversine,2
image-scaling,1
malware,4
key-value-observing,2
qbxml,1
delay,1
groupbox,1
merge-conflict-resolution,1
blocks,1
frustum,1
tcsh,1
url-rewriting,11
xamlreader,1
exponential-function,1
ospf,1
filepath,2
element,5
postbackurl,1
nancy,1
osgi,3
vml,1
jqgrid-asp.net,1
move,1
comma,2
mutt,1
facebook-c#-sdk,1
parameters,12
directx,7
pecl,2
dispose,1
google-charts-api,2
zip,8
openvpn,3
2010,12
2013,1
encryption-symetrical,1
python,300
system.reactive,1
designer-workflow,1
transparent,2
postgresql-9.1,1
multiprocess,1
tikz-qtree,1
requirements-management,1
ruby-1.9,2
sniffing,1
merge,6
oncreate,1
subset,1
metafont,1
app-config,3
frequency,3
static,14
watchdog,1
openwrt,1
xmldocument,2
function-prototypes,1
matrix,8
nsuinteger,1
microsoft-word-2007,2
microsoft-word-2003,1
underscore.js,4
dhcp,2
sendmail,3
resource-files,2
subclipse,1
network-shares,3
git-merge,2
opengl,14
length,1
nutrition,1
unobtrusive-javascript,1
struts-1,4
web.xml,3
scene,1
abstract-class,1
owner,2
removing-whitespace,1
reference,8
ordering,1
system,8
messagecontract,1
l2tp,1
core-foundation,1
pci-express,1
optimistic-locking,1
jscrollpane,1
listeners,1
jquery-ui-tabs,2
isolated-network,1
counter,2
cobertura,1
reverse-geocoding,1
sysadmin,2
like-operator,2
secure-erase,1
documents,1
package-management,1
asp.net,309
many-to-many,2
sinatra,3
jboss7.x,2
stereo-3d,1
persistence,5
calculus,41
vector-bundles,1
google-account,1
device,1
indexoutofboundsexception,2
animated-gif,1
dynamic-text,1
data-transfer,1
bibtex,1
dba,1
terminate,2
uml-modeling,2
openfiler,1
redirect,20
inkcanvas,1
launch4j,1
restlet,2
jar,13
jstree,2
terminal,17
entities,1
project-design,1
django-urls,1
handle,2
listener,3
wwdc,1
tableadapter,1
db2,6
android-camera,3
aes,2
determinants,1
default,1
aec,1
primefaces-mobile,1
hmvc,1
qtp,2
bucket,1
frame,1
turing-complete,1
custom-post-types,6
gnome3,1
parallels,3
jqplot,1
ms-dos,2
sql-update,1
nosuchmethoderror,1
bluecloth,1
verilog,1
email,50
bash-scripting,1
qt4,6
superfish,1
ld,1
aquamacs,1
css-transforms,1
runtime-error,1
doxygen,2
valgrind,1
msdtc,1
email-confirmation,1
tld,1
uiactionsheet,1
etl,2
opengl-es,11
event-handling,9
cp,1
list-comprehension,1
iphone-sdk-4.0,17
mkmapkit,1
image-recognition,1
url-routing,3
objective-c++,2
c#,778
local-storage,4
blackberry-eclipse-plugin,2
rvm,5
graphics,22
lombok,1
jmockit,1
ibatis,4
sortable,2
polar-coordinates,1
zend-controller-router,1
cvs,3
frameworks,14
expiration,2
rotator,1
libxml2,1
appfabric-caching,1
having-clause,1
hardware,7
checkedlistbox,1
imagemap,1
passbook,1
dataview,1
android,518
ball,1
openoffice-calc,1
sandbox-solution,2
php,701
xcode4,10
audit,2
smarty,4
relative-path,4
patterns,1
command,8
audio,26
drawing,4
autoplay,1
ipad-splitview,1
glut,1
search-and-replace,1
web-application,1
rotation,7
web,12
bibliography,1
zend-debugger,1
spinner,3
lattice,1
drive-letter,2
publish-subscribe,2
ccsprite,1
primefaces,9
css3,26
habtm,1
wp-query,4
eventual-consistency,1
morphia,1
aspnet-regiis.exe,1
height,7
type-conversion,3
descendant,1
gxt,1
samsung-mobile,1
database-replication,2
lambda-functions,1
database-abstraction,1
doubly-linked-list,1
flush,1
glyph,1
last-insert-id,1
fedex,1
scrollbar,3
marklogic,1
anti-virus,2
importerror,2
symlink,1
maven,22
dataannotations,1
riemannian-geometry,1
sqlconnection,1
sigabrt,2
stage,1
haproxy,3
true-type-fonts,1
legacy-database,1
union,1
uiviewcontroller,8
password-protection,2
software,5
localdb,1
qmake,3
diophantine-equations,1
navigationbar,2
virtualbox,9
flash-cs3,1
python-3.2,1
flash-cs5,3
bump,1
stagefright,1
appfabric,1
dynamic-sql,2
streamreader,1
function,33
virtualmin,1
dreamweaver,4
wireless-access-point,1
automapper,3
uiapplication,1
count,9
jsr82,1
python-3.x,8
zend-server,1
smooth,1
cocos2d-iphone,10
nslocalizedstring,1
meta,1
cocoa-touch,47
distribution,3
sscanf,1
timespan,2
int,3
hibernate-criteria,1
ini,1
vector-graphics,1
lookup,2
ps2pdf,1
unit-testing,31
django-allauth,1
repeat,1
exposure,2
ghost,2
xamarin,1
eof,2
ios-ui-automation,1
uitableviewcontroller,5
http-status-code-404,2
amazon-dynamodb,1
http-status-code-403,2
kickstart,2
kohana-3,2
prototypejs,10
jxta,1
password-recovery,1
microsoft-access,2
const,2
mpmovieplayercontroller,3
biber,1
matlab,24
facebook-likebox,1
html5-canvas,10
implicit-methods,1
replication,2
jacob,1
electronics,1
unity3d,6
robocopy,2
game-theory,1
upload,11
nsarray,1
low-light,1
cabling,1
approximation,4
category-theory,2
ilist,3
dotmatrix,1
specs,1
mpeg,1
android-intent,13
decoding,1
mssql-ssms,1
openxml-sdk,1
cuda.net,1
counters,2
addsubview,3
equals,1
pygtk,1
protection,4
jpcap,1
placeholder,2
media-keys,1
itunes,6
pooling,1
keymap,1
csla,1
temporary-files,2
last-child,1
moinmoin,1
ruby-on-rails-plugins,1
total,2
logback,1
plot,3
bundler,1
aspmenu-control,1
gnu-flex,1
composer-php,2
cpu-registers,1
fractions,1
shopping-cart,2
cardiology,1
blocking,1
a-star,1
wix3.6,1
wix3.5,1
erp,1
eclipse,72
jtable,4
erb,1
scripting,11
facebook-authentication,2
fmdb,1
client-object-model,1
q-series,1
uac,2
plist,2
recovery,7
interview,1
core-graphics,6
pppoe,1
hgignore,1
lan,4
subcommand,1
lag,1
movable,1
calayer,2
rhel5,2
order,1
office,1
xsl-fo,1
pascal,2
linq-to-nhibernate,1
jquery-ui-autocomplete,1
formal-languages,1
yui-calendar,1
jdk1.6,1
glassfish,5
visual-studio-macros,1
complexity-classes,1
typescript,1
infinite-scroll,2
break,2
admin-menu,1
disk-image,1
one-to-one,1
left-join,4
changelog,1
three20,1
computational-complexity,2
feeds,1
fedex-shipping,1
automated-testing,1
powercli,1
sles,1
freeglut,1
classical-analysis,1
inarray,1
windows-vista,14
putty,3
data-transfer-objects,1
segmentation-fault,3
collation,1
connection-sharing,1
soundcloud,1
wcf-rest,1
mvp,1
vmware-workstation,1
mvc,33
typed-factory-facility,1
benchmarking,6
observablecollection,1
mysql-error-1045,1
slidetoggle,1
autorun,2
inflate,1
fitnesse,1
decompiling,1
sparkleshare,1
database-permissions,1
jeditorpane,2
php-fpm,3
parameterized-unit-test,1
hacking,2
binary-data,1
powers,1
referential-integrity,1
uiview,12
rewrite,7
discrete-mathematics,1
avassetwriter,1
intentservice,1
angularjs,6
latency,1
dbms,1
awtrobot,1
post-thumbnails,1
yui3,1
indexes,2
dbml,2
visual-studio,44
ebook,2
google-analytics-api,2
scripts,2
ssl-certificate,2
webcam,7
coding-theory,1
qt-designer,1
jointable,1
wildcard,2
tex-core,1
html-parsing,6
ftps,1
resource-monitor,1
d2,1
graph-algorithm,2
implementation,3
rectangle,1
iptables,10
do,1
cryptography,5
dd,2
cardinals,2
async-await,1
ienumerable,1
steam,1
abaddressbook,1
shared-memory,3
analytics,2
onload-event,1
cics,1
memory-leak,2
ivalueconverter,1
openfiledialog,1
site-column,1
compass-css,2
terms,1
object-graph,1
ctypes,3
preprocessor,2
try-catch-finally,1
xmlhttprequest,11
cllocationmanager,2
packages,7
xchat,1
internet-sharing,1
xaudio2,1
tfs2010,4
receiver,1
com,11
android-gallery,1
static-initializer,1
serviceconnection,1
bitlocker,1
guid,3
binomial-coefficients,1
oodbms,1
lockup,1
html5-video,4
fest,1
aix,4
gnu,2
launcher,1
iqueryable,3
excel-vba,10
air,7
formatting,9
rails-admin,1
live-wallpaper,2
joomla1.5,3
kernel32,1
external-hdd,1
content-assist,1
static-members,4
web-application-design,1
hebrew,2
cross-join,1
netbeans-6.9,1
viewflipper,1
switchers,1
couchdb,5
google-apps-script,4
getimagesize,1
log4j,3
contest-math,4
relative-positioning,1
raid,10
nio,1
rfc822,1
nib,1
raii,1
hang,1
labjs,1
fuse,1
nis,1
levenshtein-distance,1
android-fragments,5
datarow,1
google-chrome-extensions,1
eps,1
vuforia,1
particle-filter,1
contact,1
solaris,5
photo,1
http-status-code-301,2
mandelbrot,1
currying,1
iplimage,1
onload,2
vsts2010,2
ubuntu-11.04,1
opencv,10
wcf-instancing,1
disk-space,1
database-design,21
maya,1
filestream,2
microcontroller,1
immediate-window,1
sessionfactory,1
jekyll,1
boxes,2
deepzoom,1
unix-utils,1
scikit-learn,1
soap,22
windows-server-2003,19
climate-change,1
security,38
windows-server-2008,25
delphi-xe2,2
preg-match-all,1
multihomed,1
turing-machines,1
masm32,1
temporal-difference,1
facebook-php-sdk,6
comments,15
comparevalidator,1
uigesturerecognizer,2
internet-connection,4
geocoding,2
sql-server-administration,1
plr,1
repository,5
marketing,1
app-store,4
substitution,1
outofmemoryerror,1
post,18
properties,19
google-maps,26
jqgrid-php,1
design-principles,1
gingerbread,1
asp.net-3.5,4
query-optimization,7
s60,1
javassist,1
autohotkey,1
msdeploy,1
rendering,4
haskell,23
sfml,1
initializer-list,1
wan,2
jdbc,7
compression,5
configuration-files,1
redmine,3
oracle11g,4
ctags,1
iis7,30
iis6,3
sqlalchemy,2
reset,1
model-driven,1
mtu,2
android-edittext,3
thunderbird,9
abstract,1
mysql-error-1064,1
full-text-search,7
archiva,1
archive,4
opticalflow,1
search-suggestion,1
test,1
technology-stack,1
celery-task,1
imageurl,1
update,9
scores,1
workitem,1
modules,1
cron-task,1
avaudiorecorder,1
grails-validation,1
unidata,1
hardware-raid,1
global,2
recess,1
arraylist,7
google-fusion-tables,1
varnish,2
flask,1
graph,10
flash,60
unbound-wildcard,1
jvm,9
http-post,3
division,1
predicate,1
tasklist,1
functional-testing,1
nsdictionary,2
uml,8
mdichild,1
custom-field,3
symmetric-groups,1
gui,17
postconstruct,1
bad-request,1
htb,1
server-core,1
discover,1
phpunit,3
xserve,1
rollup,1
multitouch,1
iphone-sdk-3.0,8
shared,2
iphone-sdk-3.2,1
truthtable,1
apache,44
db4o,2
apache-camel,6
gsub,1
genetic-algorithm,1
httpd,2
htpc,1
shared-ptr,1
live,2
https,9
ruby-1.9.3,1
enumitem,1
coldfusion-10,1
aforge,1
monotouch,7
android-launcher,1
dialogbox,1
windows-7-x64,1
google-closure-compiler,1
ibm,2
cas,1
shell-script,3
cat,1
manage.py,2
can,1
co-workers,1
cad,1
sql-injection,1
audit-trail,1
substring,3
spi,1
system.componentmodel,1
phpstorm,1
wcf-extensions,1
copy-constructor,1
lxml,5
msmq,4
criterion,1
access-control,1
product,1
rackmount,1
jquery-ui-draggable,2
sinon,1
aop,2
compatibility,3
event-viewer,1
include-path,1
jexcelapi,1
corona,1
language-lawyer,1
ghc,1
rails-routing,1
database-connection,4
graphviz,2
1and1,1
batch-script,1
iadstsuserex,1
stack-trace,1
calculus-of-variations,1
arduino,1
nat-traversal,1
uilabel,1
forms,40
office365,1
eclipse-jet,1
fxcop,1
html-form,1
ember.js,1
error-handling,5
ddr2,1
rake,2
vs-macros,1
scaling,4
webparts,3
cqrs,1
inversion,1
multisite,4
generated-code,1
drop,2
insert-select,1
el,3
domain,6
definite-integral,5
jquery-animate,3
ed,1
httpwebresponse,1
sql-server-express,1
naming,1
monitors,1
task-parallel-library,1
subnet,1
space,2
elastic-beanstalk,1
software-design,1
rational,1
curl-multi,2
lotus-domino,2
cars,1
android-ui,3
dependencies,3
cobol.net,1
axioms,1
transition,3
elementary-set-theory,8
nsmanagedobject,1
lambda,11
autosuggest,1
ie6-bug,1
size,7
yii,8
gui-testing,1
friend,2
svnadmin,1
reference-counting,1
mechanize-python,1
minitest,1
mod-php,1
png,5
add-rewrite-rule,1
thumbnails,1
mysql-management,1
robots.txt,2
gpgpu,1
applet,3
titanium-mobile,2
amazon-s3,6
httpclient,3
browser,19
dependency-management,4
sigkill,1
mvvm,17
gesture-recognition,2
hdvideo,1
measure-theory,8
recover,1
ntruencrypt,1
response.redirect,1
callback,6
scrbook,1
wcf,58
watir-webdriver,1
mobile-safari,3
ubercart,1
graffiticms,1
encryption-asymmetric,1
sql-order-by,3
hostheaders,1
file-management,4
storage-interface,1
screen-scraping,1
spyware,1
httplistener,1
ip-address,3
7-zip,1
qwebview,1
upgrade,7
2d-array,2
cgbitmapcontext,1
monkeyrunner,1
gruntjs,1
texture,3
adobe-illustrator,1
datatemplate,2
routing,16
box-shadow,1
asp.net-4.0,3
webapp2,2
postgis,1
itemscontrol,1
event-store,1
sonar,1
np-hardness,2
keynote,1
add-in,4
gdata,1
actionscript-2,4
actionscript-3,65
javascriptcore,1
between,2
import,12
jta,4
websphere,3
pthreads,5
html-editor,1
article,1
variable-declaration,1
expression-blend,3
installation,18
video-encoding,4
mono,9
gwt,21
scroll-position,1
embedding,1
mpmusicplayercontroller,1
comet,6
inversion-of-control,3
codeigniter-2,2
reindex,1
frameset,2
osx-lion,6
code-size,1
dispatch,1
nokogiri,5
learning,4
lpsolve,1
caret,1
configuration,19
finite-differences,1
e4x,1
expl3,1
ruby-on-rails-3.1,12
ruby-on-rails-3.2,3
visual-studio-sdk,1
code-search-engine,1
aero,1
mx-record,1
nikon,1
external,7
ruby,141
payment-gateway,3
key-value-coding,1
navigatetourl,1
suse,2
orientation,2
stdout,1
datastore,1
media,6
servlets,27
mod-jk,1
pos-for-.net,1
initialization,3
android-viewpager,3
crystal-reports,11
8086,1
data-mining,1
charger,1
ecryptfs,1
breeze,1
sharepoint-2010,1
cck,1
peripherals,1
joystick,2
frontpage,1
speex,1
in-app-purchase,4
quick-edit,1
wcf-hosting,1
sublimetext,2
cocos2d,7
touch,6
speed,1
staging,1
struct,8
mmap,3
desktop,1
microsoft-outlook-2007,3
microsoft-outlook-2003,2
dovecot,1
heap-corruption,1
real,1
hover,2
swig,3
googletest,1
rack-middleware,1
classical-mechanics,1
custom-font,2
android-listview,7
formcollection,1
blackberry,24
output,1
computer-science,5
cisco,5
zigbee,1
gaia,1
hacks,1
terminal-services,2
ejb-3.0,2
bigdata,1
.net4.0,1
inno-setup,3
assembly,14
business,2
equivalent,1
tdd,6
bazaar,1
movieclip,2
comparison,4
zend-view,2
struts1,1
struts2,14
backup,16
outlook,12
rhino-mocks,2
math-operators,2
max-height,1
splash-screen,2
cordova-2.0.0,1
prepare,1
area,1
windows-server-2008-r2,11
embedded,5
asp.net-mvc-2,10
asp.net-mvc-3,53
macports,4
appliance,1
wireless-network,1
asp.net-mvc-4,10
cat5,1
scanner,1
android-alertdialog,1
inner-classes,1
getjson,1
amsrefs,1
a-record,1
mathematica,4
storage,4
valid,1
delimiters,2
powershell-ise,1
pear,5
word-count,1
registry,6
pool,1
assert,2
android-progressbar,1
moonlight,1
validator,1
typechecking,1
strings,1
semantic,1
mp4,3
openlayers,2
mp3,3
sharepoint2010,5
mach-o,2
android-mediaplayer,2
icons,7
android-cursor,1
wmi,6
user-meta,1
nodes,1
portforwarding,2
dateformat,2
air-native-extension,1
mpi,1
amazon-ebs,1
beamerposter,1
mapreduce,2
google-crawlers,1
special-functions,2
urlencode,3
cookies,15
accelerated-c++,1
hibernate-mapping,2
universal-binary,1
isc-dhcp,3
reportingservices-2005,1
unsupported-class-version,1
certificates,1
differential-equations,7
nant,1
reportviewer2008,1
mapping-model,1
vmware-esxi,5
social,2
github-for-mac,1
sequential-number,1
permutation,3
jre,1
hlsl,1
custom-fields,1
href,2
child-theme,1
android-performance,1
read-only,1
javascript-framework,1
jcarousel,1
contains,1
sametime,1
vi,2
authorization,5
partition-recovery,1
rvalue,1
mustache.js,1
git-branch,1
azure-worker-roles,1
aspect-oriented,1
drupal,24
mvvm-light,1
history,6
swfobject,2
f#,6
magento,33
exclude,1
arabic,2
caption,1
spreadsheet,3
botan,1
menus,6
pygame,1
opengl-es-2.0,1
textview,5
powerbuilder,2
excel-2010,4
coldfusion-9,1
coldfusion-8,1
rails-3.1,1
horizontal,1
text-editor,1
scss,1
documentation,9
bugs,1
delphi-units,2
hsqldb,1
inline,1
scsi,1
uninstall,4
photoshop,3
asp.net-authorization,1
hierarchy,2
taxonomy,3
fft,2
iterm2,1
waitforsingleobject,1
file-association,3
skinning,1
ios-simulator,5
custom-controls,5
infinite-loop,2
psycopg2,1
selenium,9
service-layer,1
mu,1
access-token,1
file-handling,1
decimal,3
windows-xp-sp3,1
replaceall,1
pair-programming,1
suppress-warnings,1
stateful-session-bean,1
single-sign-on,3
zenbook,1
text-processing,4
outofmemoryexception,1
suffix-array,1
web-part-property,1
preg-replace,2
publish,3
xenserver,1
safety,1
jquery-effects,1
asp,1
ast,2
symbian,3
base,1
put,1
bash,55
teamcity-7.0,1
disk-utility,2
launch,1
netbeans-7,2
multiprocessing,4
django-models,7
shellexecute,1
assign,1
singleton,3
nsnotificationcenter,1
probability,28
encoding,16
persistence-unit,1
dotcloud,1
file-transfer,6
lucene-index,1
maple,1
class-hierarchy,1
binaryfiles,3
weblogic,4
scheme,2
schema,6
smartarray,1
ascx,1
mdiparent,1
xmla,1
code-reuse,1
getter,1
decorator-chaining,1
multiple-instances,1
translation,4
event-triggers,1
tfs,15
error-message,1
jquery,504
dto,2
ffmpeg,6
stl,11
.htaccess,40
dtd,2
horizontal-alignment,5
dts,1
kindle,1
rspec2,2
github-for-windows,1
gedit,2
image-editing,1
null,4
koala,2
python-2.1,1
python-2.7,6
boxplot,2
honeycomb,2
windows-installer,4
bug-tracking,1
quota,1
kal,1
executable-jar,2
mobile,18
clear,1
nsdateformatter,1
query-role,1
edit-in-place,1
velocity,1
blend,2
scrollview,3
custom-build-step,1
copyright,1
google-play,1
controltemplate,3
circle,1
darwin,1
windows-search,2
socketexception,1
hotmail,1
unordered-map,1
trees,1
mpmediapickercontroller,1
data-access-layer,4
combinations,2
grep,11
facebook-ios-sdk,3
querying,1
ksoap,2
line-spacing,2
recommendations,2
scanning,2
locale,3
core-audio,1
wordpress-mu,1
close,4
visual-sourcesafe-2005,1
openrasta,1
packet-analyzer,1
xna-4.0,1
scalability,4
core-location,3
knockout.js,4
zend-log,1
multivariable-calculus,6
windows-8,23
primary-key,1
fileinputstream,1
bots,1
image-editor,1
ruby-on-rails-2,2
ruby-on-rails-3,73
battery,4
header,12
linux,208
probability-distributions,4
facebook-fql,5
google-charts,3
destructor,2
equipment-protection,1
asymptotics,3
maintenance,1
android-maps,2
covariance,2
else,1
serversocket,1
ubuntu-9.10,1
windsor-3.0,1
imap,5
floating-point,13
responsive-design,1
multi-boot,2
quickhash,1
match,2
loop,4
prolog,2
malloc,2
jpa,17
jpg,1
windowstate,1
terminator,1
skype,6
autosize,1
fedora,6
libcurl,2
text-to-speech,1
jpa-2.0,2
model-binding,3
composition,4
conflict,1
interpolation,1
android-lru-cache,1
php-frameworks,1
bit-manipulation,1
printstacktrace,1
socks5,1
browser-history,1
user,9
clean-code,1
eigenvectors,2
gsp,1
sha1,1
database,113
consistency,1
gsm,2
number-theory,11
c++builder,1
windows-phone-7,35
tinymce,2
cf-orm,1
elementary-number-theory,8
password,5
ormlite,3
shortcut,1
mpm-prefork,1
reportviewer,1
transformation,2
dns-hosting,1
enumerator,1
finalize,1
codenameone,1
jibx,1
xterm,1
nginx,18
thmtools,1
like,5
overriding,2
activex,5
signal,1
nsview,2
manifest,2
microsoft-office-2013,1
wordpress-plugin-dev,1
wininet,1
terminology,5
android-framework,1
freebase,1
creation,2
trends,1
dispatchevent,1
static-code-analysis,1
start-screen,1
warnings,6
operating-systems,3
cgi,4
run,3
processing,1
nsoperationqueue,2
step,1
asp.net-web-api,6
gnome,6
war-stories,1
simulation,1
bgp,1
idl,1
datasource,3
jsp,33
ide,9
block,2
principal-ideal-domains,3
active-directory,16
multiple-monitors,5
mail-sender,1
statistics,17
vbscript,9
modular-arithmetic,3
heroku,17
outputcache,1
microtype,1
static-linking,2
disaster-recovery,1
pdfsharp,1
xcode-instruments,1
injection,2
requestfactory,1
ideals,1
utf,1
munin,1
middleware,1
.x,1
viewbag,1
htmleditorextender,1
tcollection,1
sectioning,3
accessibility,2
xslt-1.0,3
flowplayer,1
django-widget,1
nsuserdefaults,2
cross-compiling,1
analyticity,1
polygon,2
nan,1
nas,1
nav,1
angstrom,1
nat,3
load-balancing,7
xtab,1
shutter-speed,1
pandas,1
bsd-license,1
draw,2
mongodb,24
drag,3
excanvas,1
eval,4
mod-fastcgi,1
structure,3
svn,28
webdriver,3
zooming,1
svg,14
required,1
youtube,9
depth,1
custom-component,2
specs2,1
oop,26
access-violation,1
msbuild,11
gz,1
gd,4
post-update,1
go,3
flash-builder,6
wizard,1
speakerphone,1
realview,1
office-automation,1
phpcassa,1
user-profiles,1
bitnami,1
rollback,2
gamekit,1
g1,1
facebook,80
asp.net-profiles,2
opensocial,1
drupal-theming,1
matrices,10
tortoisegit,1
mercurial,10
button,18
hive,3
olap,2
geospatial,2
glfw,1
deleting,1
picker,1
download,5
click,4
phpdoc,1
cell,1
volatile,2
vb6,9
playn,1
drools,1
tabletools,1
drupal-7,5
drupal-6,4
commercial,1
matplotlib,6
sharepoint-online,1
logout,2
max-width,1
z3,1
infopath,6
vba,25
nsinputstream,1
uikit,5
host,4
products,1
adobe-photoshop,2
automatic-ref-counting,3
typedescriptor,1
nsattributedstring,1
readfile,1
boolean,11
jquery-animation,1
static-analysis,1
absolute-positioning,3
manipulate,1
wix,4
castle-windsor,6
hudson,3
context-free,1
nuget,2
camera,9
hiding,1
milliseconds,1
web-scraping,4
file-read,1
mod-proxy,4
data-recovery,2
resize,8
chdir,1
performance-testing,3
scjp,1
internet-explorer-10,1
network-protocols,2
theming,1
macruby,1
control,7
links,5
xlwt,1
fedex-api,1
sudo,3
dom-events,1
event-log,2
uibarbuttonitem,2
pyqt,3
scriptaculous,3
jwplayer,1
desktop-application,2
alertdialog,1
netcat,3
xmlns,1
export-to-csv,1
javascript-functions,1
object-oriented,2
visual-studio-team-system,1
thread-safety,12
healthcare,1
asmx,1
arithmetic,4
mod-perl2,1
method-invocation,1
jni,4
subversive,1
threadpool,4
outer,1
glteximage2d,1
temporal,1
fujifilm,1
paperclip,6
auto,1
nokia,1
ms-word,5
subtraction,1
filehelpers,1
cakephp,22
full-text-indexing,1
storyboard,3
regular-expression,1
university,1
user-permissions,2
tabcontrol,1
jsp-tags,1
attachments,3
bluetooth,10
image-processing,17
object-pooling,1
modifier-keys,1
citrix,2
margins,1
dell-powerconnect,1
spam-filter,3
integer-division,1
ios-4.2,1
reboot,2
negative-margin,1
modalpopups,1
nsregularexpression,1
ecm,1
ecl,1
eventlistener,1
undo,2
qt-creator,2
double-buffering,1
header-footer,2
payment-schemas,1
geometry,16
cruisecontrol.net,2
membership,1
timer,10
python-ctypes,1
workflow-foundation,5
jcombobox,1
quality,1
google-chrome-devtools,1
management,2
privacy,1
automount,3
mkdir,3
relations,1
attach,1
temptables,1
php-extension,2
widgets,3
final,1
configure,1
ws-security,1
line-breaking,2
lists,4
fontsize,1
smart-tags,1
manipulation,1
fuzzy,1
requiredfieldvalidator,1
updating,3
rss,9
android-custom-view,2
stubbing,1
html-lists,1
f#-interactive,1
video-processing,1
key-generator,1
tabs,8
portrait,2
border,2
user-profile,3
microphone,3
nsis,2
javacc,1
ninject-2,2
instance,1
cocoa-bindings,1
jboss5.x,2
awt,6
awk,7
optional-parameters,2
frame-rate,1
gallery,5
64-bit,6
cellphone,1
mesh-network,1
url,20
indy,1
uri,3
belkin,1
wp-load.php,1
eclipselink,5
convergence,4
css-selectors,3
self-teaching,2
rmagick,2
tire,2
math-mode,4
spring-security,3
field-theory,4
eregi,1
auto-update,1
ubuntu-12.04,1
itemrenderer,1
fragmentation,2
strpos,1
scrolling,9
nsmetadataquery,1
processes,1
nsbutton,2
jsr286,1
datetime-format,1
contain,1
matlab-engine,1
openoffice.org,4
biblatex,3
preventdefault,1
javasound,1
freeze,5
afnetworking,1
mouseclick-event,1
google-earth,2
reverse-engineering,3
stats,2
xerces,1
apns,1
lua,5
state,5
cluster-computing,5
sanitization,1
performance-tuning,1
facebook-apps,2
efficiency,2
microsoft-excel-2003,1
sharedpreferences,1
virtual-functions,1
type-theory,1
limits,1
admin,4
ubuntu-10.04,5
documentation-generation,1
jersey,1
subtitle,1
hierarchicaldatatemplate,1
reporting-tools,1
version-control,16
maximize,2
android-webview,2
open-with,1
temporal-database,1
core-data,23
uitableviewcell,9
username,1
xlsx,1
office-2010,1
controller,8
selectcommand,1
flex3,9
xpages,3
google-maps-android-api-2,1
dvcs,1
pgfplots,10
jquery-deferred,4
asenumerable,1
cisco-asa,2
openstreetmap,1
dotnetzip,1
viewstub,1
xml-transform,1
uiimageview,4
surface,1
icomparable,1
jquery-events,2
capture,3
pseudorandomness,1
views,2
upnp,2
speaker,1
elementhost,1
ordinal,1
classnotfoundexception,1
http,38
video-streaming,8
microsoft-office,3
writefile,1
showdialog,1
dynamic-jasper,1
spree,1
polymorphism,4
reflection,20
bootstrapping,1
draggable,6
case-insensitive,2
facebook-comments,2
web-deployment,3
restore,1
lotus-notes,2
marginpar,1
low-level,1
exception-handling,10
system.data.oracleclient,1
facebook-like,5
application-server,1
homework,43
database-mirroring,1
view-helpers,2
plsql,15
howto,1
sql-function,1
onmouseover,2
uislider,2
xss,2
ptr-record,1
controllers,2
xquery,3
objective-c-blocks,1
servlet-filters,2
page,2
microsoft-visio,1
hp-pavilion,1
twitter,17
library,1
portlet,2
home,1
overlay,4
tooltip,6
dojox.mobile,1
django-views,5
jcrop,1
mysql-workbench,1
ftp-server,2
boost-asio,2
visual-web-part,1
strcpy,1
file-system,2
svnkit,1
h2,2
nested-forms,1
bsod,2
factory-method,1
swf,3
in-array,1
coding-standards,1
utility,1
networking,75
special-characters,1
oxygene,1
jquery-ui-theme,1
hp,1
projects-and-solutions,3
xerox,1
histogram,1
scikits,1
overflow,4
ear,2
converter,5
dmg,1
hosting,4
limit,12
feature-stapling,1
dmv,1
display,3
marketplace,1
devise,8
universal,1
yahoo-astra,1
debian-squeeze,2
android-emulator,6
datacontract,1
mod-wsgi,3
education,3
tick,1
master-detail,2
meteor,4
xsd-validation,1
vtable,1
stax,1
precision,4
breadcrumb,1
wamp,7
feature-detection,1
sphinx,4
tomcat,34
blogs,2
pkzip,1
flex4.5,4
validation,18
poplib,1
dynamic,18
simplexmlelement,1
bytecode,1
swap,5
new-operator,2
teaching,1
fieldset,1
rescue,2
clojurescript,1
void,2
monodevelop,3
smack,2
namespaces,7
voip,2
first-order-logic,1
skills,1
imaplib,2
vector,6
upx,1
ups,2
approximation-algorithms,1
swtbot,1
yacc,3
nopcommerce,1
cegui,1
dual-boot,3
asio,1
preferences,2
numberformat,2
hwpf,1
tips,2
parse-error,1
ssh-tunnel,1
relationships,2
mef,1
gnustep,1
string-utils,1
javamail,4
axapta,1
bitrate,1
mex,1
economics,2
indentation,2
xelement,3
dll-hell,1
parameter-passing,3
zxing,1
byte,2
landscape,2
css-animations,1
hard-drive,12
ado.net-entity-data-model,3
lwp,1
file-format,2
common-lisp,3
call,2
fastcgi,7
big-endian,1
overflowexception,1
adware,1
computer-vision,4
arm7,1
aspmenu,1
opensuse-11.4,1
jquery-mobile,24
root,2
social-networking,3
wpmu,1
cursors,1
osmdroid,1
generic-interface,1
sharepoint,25
line-breaks,2
sata,3
config,2
subdirectories,1
fuzztesting,1
work-environment,2
manuals,1
disassembly,1
multi-module,1
texttransform,1
baseline,1
ehcache,1
ethernet,4
time-complexity,1
vfs,1
operations,1
metric-spaces,7
wcftestclient,1
handler-mappings,1
keyboard,13
captions,4
erlang,5
onclick,3
failovercluster,1
decorator,2
linear-programming,1
grammar,2
private-members,1
disk-partition,1
orbeon,1
font-size,1
adobe,8
ef-migrations,1
yui-compressor,1
viewdidload,1
tcplistener,1
extract,3
whitespace,1
gradient,3
photoshop-cs5,1
content,7
sparkle,1
generics,21
linear,2
resume,2
android-sqlite,1
thread-synchronization,1
logging,25
ckeditor,1
client-server,6
messages,1
iso,2
signature,1
xul,1
windows-98,1
hook,4
enumerate,3
neo4j,1
xslt-2.0,2
icefaces,3
struts,9
historian,1
twisted,3
visual-studio-2008,21
visual-studio-2005,6
directed-acyclic-graph,1
sqlclr,1
distribution-choice,1
lighttpd,2
digg,1
file-permissions,5
uinavigationbar,4
chef,1
lenovo,2
keyword,1
pagespeed,1
qbfc,1
gae-datastore,6
frequency-analysis,1
seed,1
jquery-ui-resizable,3
dbref,1
flowdocument,1
delphi-prism,1
vncserver,1
microsoft-metro,3
networkstream,1
uisearchbar,1
noclassdeffounderror,4
newline,1
pentaho,1
iterate,1
file-rename,1
dom,23
doc,1
alarm,1
gsl,1
dos,3
dot,1
sigsegv,1
visitor,1
syntax,15
vsts2008,1
font-face,4
terminal-server,1
loaddata,1
shell-scripting,1
membership-provider,3
visualforce,2
cross-platform,5
celery,4
bezier-curve,2
folder,6
longtable,1
keyboard-events,1
selecteditem,1
gridsplitter,1
cgrect,1
fields,2
group-policy-preferences,1
architecture,17
duck-typing,1
nsthread,2
pyside,2
testing,24
cublas,1
web-applications,23
static-libraries,1
presence-indication,1
tableheader,1
reddit,1
hp-ux,1
ntldr,1
nslog,2
clamav,1
pack-uri,1
query-execution-plans,1
clsql,1
urls,3
highcharts,3
loader,1
sony-vaio,1
custom-masterpage,1
django-1.3,1
quine,1
openejb,1
visual-studio-addins,1
codeigniter,40
system-file,1
camera-settings,1
basic,1
numpy,8
website,10
source-code,2
android-imageview,3
twitter4j,2
dynamical-systems,1
exception,16
time-t,1
sli,1
setuptools,2
nexenta,1
anchor,3
linked-server,2
ip,6
jess,1
il,1
io,8
mouse,9
cpu-cache,1
pinning,1
recreational-mathematics,2
uistoryboard,2
specialization,1
make,3
string-comparison,1
extjs4,2
extjs3,1
google-spreadsheet,3
internal-dns,1
word-processor,1
xbap,2
jslint,1
unicorn,1
remote-desktop,7
web-api,3
contextmenu,2
nlog,3
claims,1
akka,2
cellid,2
ds.data-structures,1
asihttprequest,1
breqn,1
getcustomattributes,1
bandwidth,2
genetic-programming,1
text-rendering,1
graph-algorithms,4
agile,4
character,1
pointcut,1
tuples,2
save,4
text-extraction,1
supervisord,1
onkeypress,1
http-live-streaming,2
hardware-failure,1
linked-list,8
background,10
open-graph-beta,1
clickable,1
daemon,2
visible,2
system-programming,1
manual,1
drawrect,2
form-validation,1
www,1
centos,32
pom.xml,2
connection-string,3
tabbar,1
httpresponse,1
turbogears2,1
user-roles,2
bigdecimal,1
orbited,1
localhost,4
microsoft-onenote,1
burn,1
.refresh,1
sifr,1
dual-monitor,2
postgresql,30
vb6-migration,1
icriteria,1
google-reader,3
azure,5
commit,2
hopf-algebras,1
xdgutils,1
mojolicious,1
pinax,1
bukkit,1
parsing,27
backgroundworker,3
doctrine,7
jena,1
power-consumption,1
wireless-networking,13
editor,1
wbem,1
back-button,3
fork,1
form,1
preg-match,4
browser-extension,1
computational-geometry,4
failure,1
disassembling,1
builds,1
streaming,9
bounds,1
compiler-errors,6
sharepoint-foundation,2
delete,14
custom-post-type,1
facebook-insights,1
recommendation-engine,1
sticky,1
qwerty,1
dead-code,1
unfuddle,1
exchange2007,1
cfstring,1
excel,41
entity-framework-5,3
entity-framework-4,14
sybase,1
ultravnc,1
uiscrollviewdelegate,1
utilities,1
iterm,1
nested-resources,1
dependency-map,1
freenas,3
didselectrowatindexpath,1
fsm,1
depth-of-field,1
3dsmax,1
twitter-bootstrap,9
skip,1
themes,7
manager,1
skin,2
primes,1
custom-taxonomy,1
menubar,1
technique,1
editors,1
countdown,3
aspx,1
webmethod,2
smartphone,3
string,59
media-library,1
x86-64,2
word,1
dvorak,1
ms-access-2010,1
jqgrid,9
function-pointers,1
diy,1
mechanicalturk,1
div,17
round,1
beanstalkd,2
micro-four-thirds,1
xy-pic,1
raid5,1
hpricot,1
pyplot,1
language-features,1
reporting-services,14
ssis,8
nine-patch,1
ampersand,1
international,1
transparency,4
xcode4.5,1
xcode4.4,1
xcode4.3,3
xcode4.2,4
wait,1
childbrowser,2
multicast,2
boo,1
php-soapclient,1
minecraft,1
ftpwebrequest,1
licensing,9
perc,1
headless-browser,1
mouseevent,2
cg.comp-geom,1
perl,35
connector,1
automated-install,1
stylesheet,4
visio,1
checkout,1
android-activity,3
directx-9,1
sharing,3
oom,1
opendns,1
ibooks,1
blackberry-jde,1
nsmanagedobjectcontext,2
resource-leak,1
url-parameters,1
try-catch,2
equipment-damage,1
crossdomain.xml,1
reflector,1
predict,1
permutations,2
agent,1
c++11,9
avcapturesession,1
lazy-sequences,1
normalize,1
regularization,1
macosxserver,3
algebraic-number-theory,3
ping,2
embedded-fonts,1
provisioning,1
code-first-migrations,1
foreach,7
autofocus,1
map,14
designer,1
os.operating-systems,1
dialog,10
max,1
activexobject,1
mac,25
direct2d,1
messaging,2
strawberry-perl,1
microsoft-word,6
man,3
outline,1
entity-framework,55
audio-recording,4
cascade,2
switch,3
qtruby,1
subfloats,1
gesture,4
couchapp,1
dojo,7
entity,4
stability,1
clucene,1
memory-allocation,5
group,5
monitor,2
accelerate-framework,1
build-numbers,1
mail,1
main,1
flex4,6
finance,1
broken-pipe,1
popover,1
file-download,4
safari,8
polynomial-time,2
ntlm,3
arrows,1
xla,1
admob,5
starred-version,1
xls,1
binary-search,1
conventions,3
android-lvl,1
web-crawler,2
fopen,2
jackson,3
3d-engine,1
poco,2
cocoapods,1
pagedown,1
code-first,2
derived-class,1
sensor,2
fourier-analysis,4
asymptote,1
amazon-web-services,16
history.js,1
ajax,107
orm,7
gotw,1
directory-structure,1
language,2
standby,2
listings,1
mklink,1
exchange-2007,1
rtsp,1
sounds,1
vsto,4
subplot,1
servlet-3.0,1
wcf-binding,2
broadcast,1
word-2007,1
privoxy,1
zsh,6
high-dpi,1
image-manipulation,3
response.write,1
mechanize,5
cassandra,3
filereader,1
setspace,1
bezier,2
hotspot,5
double-click,1
file-icons,1
contravariance,1
prime-numbers,3
channel,1
trace,3
artificial-intelligence,5
c99,4
servicestack,1
paid,1
differential-topology,1
typeset,1
webbrowser-control,3
jquery-hover,1
conditionals,1
rating,1
certification,1
browserfield,1
webmatrix-2,1
dice,1
enterprise-guide,1
x.509,1
c#-2.0,2
mac-address,1
nunit,4
multi-user,1
managed-bean,1
get,5
string-concatenation,1
stomp,1
repo,1
repl,1
batch-processing,3
latex-suite,1
gem,2
pdf-generation,6
fql,2
summary,1
wiki,2
kernel,7
fullcalendar,1
seam,1
calendar,8
scheduled-task,1
label,2
xtext,1
android-sliding,1
resourcedictionary,3
infrastructure,2
parent,2
commandbutton,1
magento-1.4,1
magento-1.5,3
magento-1.7,1
setneedsdisplay,1
symfony,1
phpmyadmin,14
cancer,1
firewall,6
plugin-nextgen-gallery,1
cancel,1
operator-theory,3
tuning,2
access-denied,1
encryption,22
adfs,1
.net-2.0,6
production,3
psexec,1
user-accounts,5
content-disposition,2
traversal,1
bayesian,2
encapsulation,2
richfaces,5
sound,1
ubuntu-9.04,1
fluent-nhibernate,6
profiler,1
compile,1
hdd,1
hdc,1
linux-networking,1
hdl,1
margin,1
cluster,3
idisposable,1
saml,2
group-by,16
authentication,30
compiling,4
arguments,6
pan,1
oil,1
android-searchmanager,1
third-party,2
decompress,1
emacs24,1
cakephp-2.0,1
server-room,2
refactoring,3
watin,3
table-of-contents,4
watir,3
multicolumn,1
outdoor,1
java-web-start,1
sitecore,2
sfinae,1
application,26
param,1
mox,1
black-box,1
moq,1
tikz-pgf,13
one-to-many,1
elevated-privileges,1
database-schema,2
phpbb,1
web2py,3
avaudioplayer,3
anonymous-class,1
nullable,3
server,2
asp.net-webforms,1
nose,1
nsimage,1
xspace,1
ip-geolocation,1
images,3
compact-operators,1
twig,1
confirm,1
kml,2
subrepos,1
inject,2
workflow-variable,1
address-bar,1
seconds,1
databound,2
xhtml-1.0-strict,1
standard-deviation,2
qmap,1
theorems,2
xna,6
jsperf,1
splint,1
schemes,2
image-gallery,1
floating-accuracy,1
xml-validation,1
spline,1
social-graph,1
styling,3
decode,1
ipv6,4
icefaces-1.8,1
anti-spyware,1
tripod,1
com-interop,1
apache-commons-vfs,1
self-join,1
gorm,2
dvd,2
system.data.sqlite,1
embed,3
deadlock,1
nantcontrib,1
playlists,1
nstextfield,1
ttnavigator,1
fail2ban,1
file,37
facebook-javascript-sdk,3
camera-basics,2
sql-server,130
jpanel,2
wp-admin,2
prism,1
cleanup,1
utf-8,12
userjs,1
opacity,3
drawimage,1
ternary,1
windows-authentication,3
ansi,3
django-cms,1
dropbox,2
str-replace,1
concat,2
analytic-geometry,2
remote,3
squishit,1
resolution,3
busybox,1
webmethods,1
duplicates,7
drag-and-drop,6
looper,1
fixtures,1
children,2
system.reflection,1
strptime,1
plesk,3
grub2,1
opensource,2
vc-dimension,1
dependency-injection,10
returning,1
emailserver,3
report-viewer2010,1
bottleneck,1
android-images,2
dbexpress,1
wsp,1
wss,1
stderr,2
nsobject,1
google-maps-api-3,18
portable,1
beagleboard,1
titles,1
plugins,27
ribbon,2
centering,1
notnull,1
windows-phone-7-emulator,1
management-studio,1
movement,2
compilation,5
mule,1
firebase,1
capacitor,1
mkannotation,1
pygobject,1
search,22
jax-ws,4
html-agility-pack,1
eclipse-plugin,8
wp-head,1
event-receivers,2
jailbreak,2
jruby,3
factory-pattern,1
pretty-print,1
array-sorting,1
linear-algebra,14
oledb,4
page-template,1
interface-builder,11
distinct,2
splash,1
aperture,1
msgbox,1
model-theory,1
logcat,1
android-service,2
mozilla,3
blat,1
uddi,1
jsonp,6
dynamic-assemblies,1
jdo,2
salesforce,4
jdk,2
paragraph,1
openssh,1
compare,5
share,4
pdb-ms,1
collision,1
numbers,5
maps,10
print-to-pdf,1
mutable,1
csv,15
css,226
phpdocumentor,1
advice,1
extjs4.1,1
connectivity,2
mergetool,1
response,2
pattern-matching,3
scrollto,2
iis-express,1
cs5,1
custom-web-part-property,1
nltk,1
autoload,1
performance,76
producer-consumer,1
domain-name,2
filters,1
apt-get,1
forms-authentication,7
combobox,9
huffman-encoding,1
invoke-command,1
pci,2
opensource-projects,1
playframework,11
timestamp,5
android-wake-lock,1
framelayout,1
cgcontext,1
2d,3
vista64,1
jmeter,5
ports,2
pagefile,2
subsystem,1
stored-procedures,19
core-plot,2
connect,3
ripple,1
wsimport,2
sencha,4
evaluation,1
sqlcommand,1
dotnetnuke,1
core-animation,5
sbt,1
nscalendar,1
mms,1
linq-to-objects,2
algebraic-topology,1
xml-signature,1
kvm-virtualization,1
microsoft-access-2010,1
div-layouts,3
geany,1
virtual-machine,5
webforms,4
application-blocks,1
instances,3
windows-runtime,1
navigateurl,1
cups,4
polygons,1
razor,16
wss-3.0,3
mamp,3
jetty,3
paint,1
statement,2
physics-engine,1
rinside,1
cross-browser,11
t4toolbox,1
selector,5
conditional-results,1
intermittent,1
recording,2
headers,3
uiapplicationdelegate,3
debugging,21
smart-pointers,1
monodroid,5
fading,1
jsr330,1
build,2
folders,2
vnc,3
bottle,1
right-align,1
linq-to-xml,5
swipe-gesture,1
spnego,1
cygwin,10
moss,1
sharding,1
laptop-repair,1
key-value,1
google-tv,1
power-series,1
node.js,21
relation,1
riemann-zeta,1
find,6
tankauth,1
base-class,1
distributed,5
markov-process,1
override,1
asp.net-ajax,4
notation,6
subsonic3,1
express,4
opensuse,2
interprocess,1
jbossmq,1
continuous-integration,2
schtasks.exe,1
remove,2
abstract-algebra,8
language-translator,1
ifconfig,1
beautifier,1
user-interface,10
stringify,1
githooks,1
start-menu,3
uibutton,6
wp-config,2
ms-access,19
circuitikz,1
popup,8
zedgraph,1
custom-attributes,2
ipython,1
fujifilm-xpro1,1
midnight-commander,1
osx-snow-leopard,7
reverse,2
plain-tex,2
if-statement,13
software-protection,1
checkboxes,1
office-365,1
point,2
useradd,1
dancer,1
search-results,1
d3.js,6
singly-linked-list,1
externalinterface,3
asp.net-mvc-routing,4
data-binding,23
boolean-algebra,2
prerender,1
freelancing,1
ncurses,2
units-of-measurement,1
standard-library,1
traffic-shaping,1
trojan,1
comparator,1
string-manipulation,1
accountmanager,1
visual-sourcesafe,1
facelets,5
python-imaging-library,2
uitableview,28
grit,1
tikz-external,1
html-entities,2
ds.algorithms,7
network-share,2
multicol,2
hilbert-spaces,3
webgl,3
copying,2
ews,1
radcombobox,1
development,4
passwords,10
build-error,1
dynamic-keyword,1
dereference,2
flurry,2
winhttp,1
aggregate,2
screen-capture,3
task,3
drupal-batch,1
memoization,1
workflow-activity,2
flags,1
organization,2
dbase,1
antlr,1
credentials,3
examples-counterexamples,1
alignment,3
newlines,1
submodule,1
dslr,1
restructuredtext,1
calibre,1
source,1
rgb,2
bin,1
htmlspecialchars,1
uiviewanimation,3
bit,1
reusability,1
webmail,3
sql-server-2012,1
webmin,1
autorotate,1
mapkit,2
google,19
mspec,1
class-diagram,2
plugin-recommendation,3
back,1
google-closure-templates,1
simple-form,2
imageview,2
web-frameworks,1
uipagecontrol,1
scale,2
openurl,1
scala,27
saas,1
integration,8
cloud,10
notepad++,6
usercontrols,6
export-to-excel,3
opencart,2
text-shadow,2
exponential-sum,1
facebook-fanpage,1
wsdl,10
readability,1
uart,1
tuckey-urlrewrite-filter,1
reportbuilder,1
findviewbyid,1
delphi-2010,2
mysql-replication,1
tiff,2
aliens,1
openerp,2
dynamics-ax-2009,1
screen-rotation,2
translate,1
lie-algebras,2
rewrite-rules,1
ajax-upload,2
sdl,7
no-www,1
sdk,18
groovy,16
javascript-objects,2
rubymotion,1
lyx,1
mouseup,1
quantum-groups,2
single,1
oauth-2.0,4
querypath,1
curl,21
cmake,4
uipasteboard,1
wp-cron,1
two-column,1
xaml,26
llvm,2
rijndael,1
enterprise,2
asciidoc,1
polynomials,4
lens,1
visibility,3
sudoku,1
ntfs,4
notifyicon,1
system-calls,1
virtualhost,4
sftp,2
2003,1
amazon-ami,2
2007,10
cfarraybsearchvalues,1
pys60,1
naming-conventions,3
opencover,1
xstream,1
hittest,2
xampp,4
nsxmlparser,1
query,50
string-literals,1
hole-punching,1
caml-query,2
enlightenment,1
control-theory,1
sage,1
vlc,6
grid,8
windows-integrated-authen,1
studio-lighting,1
ttstyledtextlabel,1
eigenvalues,2
algebra-precalculus,12
versioning,5
browser-close,1
elisp,2
pkcs11,1
cron,11
format-files,1
smlnj,1
dropshadow,1
append,4
http-basic-authentication,1
pipes,1
sql-developer,2
jboss,7
clipboard,3
cordova,4
binary-search-tree,1
text-files,2
exchange,5
xml-deserialization,1
spacing,6
implicit,1
ocl,1
doctrine2,9
xdocument,1
derandomization,1
talend,1
virtual-pc,1
nth-child,1
gateway,3
unresolved-external,1
seamless,1
windows-desktop-gadgets,1
metatable,1
iis,32
disabled-input,1
cakephp-1.3,4
javascript-library,1
subscription,3
pagination,4
perlbrew,1
tunnel,1
openjdk,1
evently,1
bjyauthorize,1
closing,1
uimenucontroller,1
fetch,1
sqlite,33
violence,1
invoices,1
memory-card,1
webmatrix,1
native,1
gcc,21
lame,1
prestashop,1
attachment,1
uinavigationcontroller,4
profile,1
sis,1
reverse-proxy,2
jquery-ui-sortable,1
google-drive-sdk,1
philosophy,1
multiplication,1
bind,3
bing,1
grails,16
euclidean-geometry,1
gitolite,1
gethashcode,1
meter,1
symbols,5
makecert,1
hbase,2
tab-completion,1
ext4,1
html5-history,1
ls,1
pop-up,1
latitude,1
apple-mail,1
domdocument,2
toshiba,2
xstring,1
actionbarsherlock,1
order-theory,1
dbus,1
production-environment,1
uimapview,1
mediawiki-api,1
constraints,3
mobile-web,2
data-parallel-haskell,1
eula,1
alphablending,1
strip,1
spectral-theory,1
packagist,1
miktex,2
ssas,4
liferay-6,2
spring-mvc,11
math,19
long-polling,2
radiobuttonfor,1
workflow,14
trigger.io,1
firefox-addon,5
interaction,1
3d-modelling,1
midi,2
sms-gateway,1
elasticsearch,1
zend-form,1
cleartype,1
sencha-touch-2,6
keyboard-shortcuts,8
puppet,4
facebook-connect,3
pgp,1
sockets,26
braces,1
maven-scm,1
right-click,1
slowcheetah,1
ibaction,1
carrierwave,1
wpf-controls,5
testdrivendesign,1
window-functions,1
udp,8
memorystream,1
dynamic-programming,3
aabb,1
perforce,2
jndi,1
strongly-typed-dataset,1
while-loop,8
textfield,2
android-gridview,2
ipad,51
network-programming,11
pointers,20
adserver,1
neural-networks,1
software-raid,2
group-policy,4
virtual-directory,1
openedge,1
ocfs2,1
template-engine,1
uisplitviewcontroller,1
mdadm,1
gravity,2
worksheet-function,3
wp-mail,2
mod-python,1
wpfdatagrid,2
jquery-traversing,3
sfp,1
specflow,1
rules-engine,1
zfs,2
netboot,1
request,2
workspace,2
joomla-component,1
dllexport,2
selection,2
geotools,1
text,16
urllib,1
setter,1
knowledge,1
serial-port,5
php-internals,1
email-rules,1
dd-wrt,2
controls,1
ambiguity,2
ksh,2
uitabbar,1
view-scope,1
overload-resolution,1
neural-network,2
timing,1
new-account,1
unauthorized,1
systemmanagement,1
fixed,2
dynamic-controls,1
dreamhost,1
type-inference,1
uialertview,3
pattern,1
soapui,3
progress,2
ad-hoc-distribution,1
submitchanges,1
linguistics,1
asp.net-optimization,1
transpose,1
c++-faq,2
image-scanner,2
linux-mint,5
vhd,1
hyperref,6
tkinter,4
wpftoolkit,1
nested-divs,1
representation-theory,1
ioexception,1
case-statement,1
attributes,9
passing,1
virtual-earth,1
ssrs-reports,2
websphere-mq,1
uisearchbardelegate,1
default-settings,1
rdbms,2
json,61
permanent,1
teamwork,1
uidatepicker,1
event-hooking,1
minify,3
multi-gpu,1
picturebox,1
bulk,3
stimulsoft,1
nagios,4
ocmock,1
value,2
intellisense,1
datacontext,4
cherrypy,2
squid,3
canon-5d-mark-iii,1
focal-length,1
inspector,1
oracle10g,10
cjk,3
productivity,2
jsf-2.0,3
administration,3
joomla-template,1
reporting,2
ios,242
setcookie,1
center,1
builder,1
position,2
parallel-processing,9
drivers,7
proximity,1
numbering,2
abap,1
books,5
xml-serialization,1
swf-decompiler,1
adt,1
ads,2
bitmaps,1
add,2
adb,4
ada,2
ado,4
gmp,1
visual-studio-lightswitch,1
log4cxx,1
photoshop-elements,1
c#-3.0,3
android-location,1
message-queue,3
deployment,23
dotnetopenauth,3
insert,9
custom-renderer,1
publishing-site,1
success,1
mobile-phones,2
fileresult,1
boost-spirit,1
inline-scripting,1
delaunay,1
android-mapview,4
crawler,1
zend-amf,1
msn-messenger,1
propel,1
silktest,1
settings.settings,1
hair,1
msiexec,1
rubymine,1
ninject.web.mvc,1
highlighting,1
facebook-login,2
planar-graph,1
bar-chart,2
modelbinding,1
dcu,1
document-library,4
panel,3
spherical-coordinates,1
powerpoint,2
winamp,2
socks,1
dataset,2
codeigniter-routing,1
renderer,2
barcodes,1
snmp,3
wordpress.org,1
android-spinner,1
upgrade-issue,1
account-restrictions,1
fieldcodes,1
bus,1
oauth,12
editing,1
bug,3
scrollable,2
ipp-protocol,1
j,1
multi-select,1
setup-deployment,1
string-parsing,1
blackberry-10,1
traffic-management,2
datepicker,4
android-tabhost,1
domino,1
pid,3
pig,1
mime-types,2
pip,2
cvsnt,1
resharper,4
virtual,4
bundle,2
inputstream,2
readline,5
bing-maps,1
extjs,12
statusbar,1
sharepoint-designer,5
lg.learning,1
system.argumentexception,1
floating-point-precision,1
pasteboard,1
exponentiation,1
fcgi,1
nsdate,2
sleep,4
nsdata,2
ios4.3,1
software-quality,1
404-error,1
object-model,1
quicktime,2
deploystudio,1
tostring,1
prepared-statement,3
open-source,8
cookieless,1
println,2
nstableview,2
dell-vostro,1
runtime.exec,2
netbeans,14
exiftool,1
guidelines,1
post-processing,3
faye,1
selected,2
blur,1
code-contracts,2
mysql-error-1054,1
parsexml,1
effective-java,1
delegates,10
visual-prolog,1
android-networking,1
path,14
forward-declaration,1
distributed-computing,1
forum,4
bash-function,1
uitableviewdatasource,1
bashrc,1
mysqldump,1
printf,3
ie8-compatibility-mode,1
asset,1
codesniffer,1
preview,1
annotations,6
vps,2
iso8601,1
memcache,1
self-improvement,1
real-time,1
authblk,1
vpn,6
white-box,1
join,22
discussion-board,2
ml,1
best-fit,1
mv,1
.war,1
raid0,1
install,4
eager-loading,4
climatology,1
route,3
nt.number-theory,1
yetanotherforum,1
captcha,2
avplayer,1
file-conversion,1
review-board,1
scheduling,3
system-preferences,1
xdebug,4
linker-error,1
vertical-alignment,3
vagrant,1
.net-3.5,7
simplexml,6
uniobjects,1
description,1
x509,1
documentclass-writing,1
ibm-midrange,2
mesh,1
yql,1
airprint,1
e-commerce,2
complexity,2
algorithms,2
correlation,1
google-login,1
jpeg,2
syntax-error,3
expression-blend-4,1
top-command,1
menustrip,1
flashvars,1
textbox,10
cli,1
img,4
email-attachments,1
fwrite,2
mdsd,1
fade,2
clr,2
web-analytics,3
dynamic-class-loaders,1
firefox-extensions,1
java-util-scanner,2
fonts,21
odbc,3
explode,1
hql,3
each,3
snow-leopard-server,1
orchardcms,3
gprs,1
normal-distribution,1
interop,3
wireless-router,1
handlebars.js,1
automata-theory,1
free,2
acrobat,1
file-types,1
activerecord,14
openssl,7
filter,9
complex-analysis,11
mpeg-4,1
asp.net-authentication,1
rank,1
woocommerce,2
wrapper,3
java-6,2
batch-file,12
tor,1
collaborative-filtering,1
backup-restoration,2
open-problem,1
http-status-codes,2
taskkill,1
multiple-nics,1
defragment,1
oracle-sqldeveloper,2
http-headers,6
android-3.1,1
zend-framework,28
kernel-module,1
page-refresh,1
ram,2
rar,1
ocean,1
meego,1
home-networking,2
arangodb,1
high-availability,2
galois-theory,1
client,3
xfbml,1
plugin-development,6
software-rec,6
glob,1
rsa,2
illegalmonitorstateexcep,1
interview-questions,3
sharekit,2
bsd,1
php-ini,1
netlink,1
classloader,5
partition,2
baby-photos,1
graph-layout,1
file-locking,1
pattern-recognition,1
htmleditorkit,1
random,11
blank-page,1
mediawiki,2
colors,16
radio,1
solutions,1
availability,1
oci,1
viewdata,1
divisibility,1
solaris-10,1
java-ee-6,4
ocr,1
lightroom,2
continuity,1
fluid,1
pop3,4
amazon,4
report,6
reinstall,1
countries,1
couchbase,1
bulkinsert,1
filenet-p8,1
connect-by,1
pfsense,1
motherboard,4
pseudo-class,1
jquery-plugins,13
mouse-wheel,1
nul,1
corrupt,1
escaping,6
load-testing,1
acts-as-list,1
actionlink,3
iirf,1
vala,1
discovery,1
visualization,7
html5,64
ssrs-2008,4
gdi+,2
sql-in,1
fault,1
titleview,1
nameserver,4
symbolic-link,3
xscreensaver,1
response-time,1
master-pages,1
trust,1
conference,1
guice,2
readdirectorychangesw,1
containers,3
sprite,1
directshow,2
raiserror,1
greatest-common-divisor,1
queryover,1
procedure,1
has-many,1
project-management,5
truecrypt,3
quartz-scheduler,3
httprequest,2
recursion,9
developer-tools,1
css-float,2
environment-variables,9
cloud-storage,1
numerical,1
wordpress-loop,2
symfony-1.4,2
characters,1
nservicebus-distributor,2
normalization,4
cycle,1
jframe,1
fbconnect,2
lcd,3
cloudfoundry,1
testng,4
remoting,1
laptop,7
google-image-search,1
code-metrics,3
memory-address,1
video-lectures,1
custom-field-type,1
elf,3
nicedit,1
medical-science,2
dataprovider,1
casting,11
amazon-rds,2
recaptcha,2
routed-commands,1
console-application,2
quicksand,1
ipsec,1
seekbar,1
zoom,3
android-pageradapter,1
bug-report,1
google-search,1
aptitude,1
simplexml-load-string,2
excerpt,1
webfarm,1
junit4,2
auto-increment,3
boxsizer,1
android-handler,1
bytecode-manipulation,1
wampserver,3
whm,1
ics,1
android-4.0,2
icu,2
core,1
deleted,1
amazon-cloudsearch,1
xforwarding,1
webviewclient,1
cors,2
systray,1
cowboy,1
ontouchlistener,1
nmock2,1
cachedrowset,1
code-review,1
default-value,1
puzzle,4
fat32,2
playframework-2.1,1
ppp,1
hard-drive-recovery,1
32-bit,1
gis,3
central-administration,1
transform,3
stuck,1
tfs2008,1
membase,1
differences,1
wireless,2
apache-poi,8
heap,5
selenium2,2
functional-equations,1
android-linearlayout,4
indextank,1
fosuserbundle,2
devexpress,3
paging,4
markdownsharp,1
blu-ray,1
trigonometry,7
readerwriterlock,1
obfuscation,2
openbsd,1
outlook-2007,2
trie,1
check,1
ora-12560,1
dataform,2
np,1
pymongo,1
picture,1
jaxb,5
webserver,16
backbone-routing,1
sql,256
alternative-proof,1
nslookup,1
bitbucket,2
multline,1
sqlcode,1
stacks,1
roi,1
logarithms,1
rom,1
iterator,6
rails-migrations,1
focus,5
ext-gwt,1
graphing,1
date-formatting,1
hbm2ddl,1
guava,1
image-resizing,1
inverse,1
wikipedia-api,1
environment,1
feedparser,1
excel-formula,2
gen-fsm,1
task-scheduler,2
nesting,2
ubuntu-11.10,1
partitions,1
google-earth-plugin,2
posts,3
standards,7
co.combinatorics,1
nhibernate-mapping,4
code-hinting,1
pmd,2
aptana,4
uiscrollview,7
pinvoke,1
memory-dump,1
port,4
endeca,1
64bit,2
beautifulsoup,1
windows-server-2012,1
timedelay,1
openoffice-base,1
computation-theory,2
groups,3
browser-detection,1
inotify,2
6502,1
date-comparison,1
delimiter,1
static-methods,1
navigation,4
convolution,1
proftpd,1
trinidad,1
modelstate,1
macfuse,1
priority-queue,1
msn,1
handler,2
jquery-autocomplete,1
iphone,300
msi,3
memory,29
expressionengine,1
diagrams,3
symantec,1
linq-expressions,1
soap-client,2
android-apk,1
mathematical-physics,1
cases,1
longitude,1
winforms,55
viewfinder,1
nsmutablearray,3
pickle,1
twiki,1
bouncycastle,3
stream,9
nexus,1
backslash,3
google-chrome-extension,6
asp.net-webcontrol,1
requirements,1
inheritance,20
appfog,1
getresource,1
cocos2d-android,1
fuzzy-logic,1
pdftex,3
apple-push-notifications,2
clone,4
zend-route,1
xorg,2
jetspeed2,1
runtime,4
reaper,1
structuremap,4
representation,1
ddrescue,1
high-load,2
session-state,4
javac,1
duplex,1
gtk,4
coordinates,1
platform,1
design-patterns,29
php.ini,1
uitabbarcontroller,1
permissions,24
name,1
opera,4
dynamic-data,1
check-in,1
ejabberd,2
http-error,1
ms-security-essentials,1
statistical-inference,1
weighted,2
job-advancement,1
coronasdk,1
digital-signature,2
winjs,1
factory,1
ejb,4
parallax,1
hacked,1
uikeyboard,1
ejs,1
theory,3
game-development,1
git,45
mysqld,1
mysqli,9
wordpress.com,1
session-variables,3
yuv,1
motion,1
yum,3
swing,30
telerik-mvc,1
view,19
windows-explorer,2
origin,2
suspend,1
redhat,5
ironruby,2
pseudocode,1
client-side,2
array,1
ios5,23
ios4,10
ios6,11
iad,2
bbpress,1
google-static-maps,1
mdaemon,1
appcelerator,2
hub,1
pyqt4,3
query-builder,1
php-beautifier,1
wav,4
copy,5
visitor-pattern,1
list-view,1
tcpdump,1
require,1
war,4
r,47
spring-integration,1
wait-fences,1
802.11n,1
ant,10
jquery-selectors,12
conversion,4
four-thirds,1
animation,25
time-machine,2
western-digital,1
gmail,12
firefox4,1
multiple,1
internet-explorer-8,3
internet-explorer-7,4
internet-explorer-6,3
c#-4.0,22
where-clause,2
latex,4
microsoft-outlook-2011,1
logical-operators,1
key-bindings,1
zend-db,2
uitextfield,4
neography,1
nlp,1
nspredicate,4
permission-denied,1
datagrid,10
monads,3
spaces,1
julian-date,1
breakpoints,3
macros,15
nsundomanager,1
g++,2
hotlinking,1
32bit-64bit,1
invocation,1
pendingintent,1
gwt2,1
mongoengine,1
ssl,23
sso,3
ssi,1
ssh,27
sse,1
ssd,8
netty,5
httpd.conf,5
orphans,1
adobe-reader,1
bison,3
external-files,1
preg-replace-callback,1
release-management,2
closures,4
jpgraph,1
function-call,2
silverlight-4.0,11
backbone.js,17
perfmon,1
review,1
outsourcing,1
windows-forms-designer,1
gmail-imap,1
.net-4.5,3
.net-4.0,10
comm,1
bitset,1
java-melody,1
xbee,1
phpmail,1
region,2
datagridview,8
propagation,1
blockingcollection,1
broadcastreceiver,3
race-condition,2
filtering,2
key,2
color,1
bitmapdata,2
pentax,1
sampling,1
colorbox,1
vdsp,1
desktop-computer,1
sql-server-2008-express,2
interrupt-handling,1
engine,2
wcsf,1
copy-paste,2
algebraic-geometry,6
mocking,3
common-table-expression,1
audio-streaming,2
ironpython,3
protocols,4
case,3
postscript,3
mount,6
coldfusion,13
tunneling,1
android-mediarecorder,1
user-profile-service,1
openexr,1
mql,1
hash-function,1
telephony,1
jface,1
locking,9
command-line-arguments,4
html,280
events,39
status,3
screenshot,3
driver,2
init.rc,1
popup-blocker,1
cifilter,1
components,3
windows-sdk,1
termination,1
model,8
modem,2
compact-framework,3
nsapplication,1
radio-button,3
unicode,13
mongoose,1
internationalization,5
symbolic-math,1
swapping,1
samba,5
sql-server-ce,8
metaprogramming,3
readonly,1
apache2,41
keyeventargs,1
wall,2
blob,4
high-key,1
styles,6
dell-poweredge,1
chmod,2
scheduler,3
solid-geometry,1
gitk,1
silverlight,52
argument-passing,2
bladecenter,1
page-breaking,1
donations,1
jfreechart,5
fciv,1
dynamic-loading,1
templating,1
background-process,2
operating-system,10
pdfview,1
slice,1
rpm,5
msgctl,1
provider,2
vertical-scrolling,2
power-supply,1
urllib2,5
shared-hosting,2
elementtree,1
oo,1
firebird,1
sqldatasource,1
worksheet,2
spss,1
cuda,9
control-characters,1
nullpointerexception,7
launchd,1
communication,3
charts,9
accounts,1
mappeddrive,1
liferay,2
xss-prevention,1
amd-catalyst,1
odata,1
apache-karaf,2
vb.net-2010,2
numeric,1
boost-format,1
natural-remedies,1
activemq,3
jlist,1
appbar,1
wcf-data-services,2
android-ksoap2,1
sqoop,1
excel-2007,6
hotplug,1
asynchronous,14
firebug,3
politics,1
zend-server-ce,1
adsi,1
tag-it,1
amazon-sqs,1
gettext,3
matrix-multiplication,1
path-finding,1
windows-xp,32
covering-spaces,1
trash,1
rspec-rails,1
httpmodule,1
javafx-2,1
collaborative,1
qtablewidget,1
tp-link,1
php-extensions,1
sql-server-2005-express,1
nswindow,1
xpath-2.0,1
n-tier,2
calls,1
wifi,7
wsus,1
strong-typing,1
visual-c++,12
classcastexception,2
spring-test,1
directory,10
collision-detection,3
bytearray,3
bapi,1
datahandler,1
ptx,1
alt,2
disk,3
avalondock,1
job-title,1
nsrunloop,1
siblings,1
1080p,1
immutable,1
nvidia-geforce,1
macosx,9
fedora-17,1
iredmail,1
keydown,1
ical,1
fan,2
ticker,2
push-notification,9
lisp,5
list,30
picasa,1
domain-driven-design,7
xpsdocument,1
tel,1
escalation,1
drbd,1
tea,1
built-in,1
synergy,1
syslog,1
design,27
dired,1
shared-libraries,3
news-feed,2
listbox,8
html-email,1
pinterest,1
sun,1
sum,3
version,4
session-timeout,2
row,1
memcached,9
jsf-2,13
demoscene,1
tags,8
mediaelement.js,1
web-security,1
mongodb-java,1
hashtable,8
directions,1
linux-device-driver,2
equations,5
thrift,1
anonymous-function,1
nagios-plugins,1
onbeforeunload,1
options,2
bordermatrix,1
tfsbuild,2
word-vba,1
plone,1
game-center,3
razor-2,1
fill-parent,1
coroutine,1
operators,6
dom-manipulation,1
ssis-data-transformations,1
speech-recognition,2
if-modified-since,1
symfony-2.3,1
symfony-2.0,1
freehep,1
large-files,1
equation,1
watchpoint,1
for-loop,10
light-field,1
usb-flash-drive,4
virtuemart,2
django-mailer,1
reader-monad,1
blogengine.net,1
5.1,1
recursive,1
capistrano,4
magpie,1
selectedindex,1
distro,1
algebra,1
vlan,1
disable,1
string-formatting,2
lazy-loading,5
invalidoperationexception,1
short,1
footer,2
postfix,11
intellectual-property,1
extrapolation,1
sequence-diagram,1
xmpp,5
disabled,1
code-generation,6
islam,1
log-files,3
typedef,3
domain-transferring,1
phantomjs,1
svcutil.exe,2
return,8
resizable,1
nhibernate-queryover,1
memory-management,14
show-hide,3
framework,1
scipy,1
ms-office,2
game-engine,3
amazon-ec2,16
string-array,1
nservicebus,3
refresh,3
inequality,8
innodb,4
template-hierarchy,1
outputstream,1
generation,1
shared-objects,1
addressbook,1
expect,2
personalization,1
loops,18
impersonation,2
theme-twenty-ten,2
qlpreviewcontroller,1
googlemock,1
zshrc,2
effect,1
automation,9
generate,1
propositional-calculus,1
url-rewrite-module,1
modularity,1
imacros,1
feed,2
soft-question,6
daterangepicker,1
relate,1
blank,2
xml-namespaces,2
gpl,3
dbunit,2
temperature,1
script,12
entity-framework-ctp5,1
rails,1
railo,2
gpx,1
web-development,3
gpt,1
gpu,5
graceful-degradation,1
store,2
gps,12
jquery-tools,1
segue,1
option,1
apache-commons-beanutils,1
regression,2
winscp,1
concurrent-programming,1
maven-surefire-plugin,2
mediarecorder,1
bbcode,2
double,3
cloud-computing,2
device-driver,2
opera-mini,2
variable-scope,4
bitwise,1
jasper-reports,6
character-encoding,5
file-get-contents,4
dynamic-library,1
efs,1
quicksort,1
centos6,1
centos5,1
easy-install,1
foreman,2
jsf,30
raw-data,1
exec,2
data.frame,1
query-performance,2
saxparser,2
sql-server-2008-r2,6
markov-chains,1
pdfbox,1
crosstab,1
mathematical-optimization,1
windows,175
external-hard-drive,2
webclient,1
.net-framework,1
inputbox,1
caching,20
android-arrayadapter,1
heap-dump,1
rtf,3
rtc,1
sspi,1
cdn,2
context-free-languages,1
cdi,3
rtt,1
analytic-number-theory,2
rtp,1
typo3,1
computability,1
causality,1
iis-7.5,5
inflection,1
microsoft-office-2003,1
checkboxlist,1
triangle,3
invoke,2
pjsip,1
hdcp,1
hid,1
relational,2
gpuimage,1
compiler,15
ie6,1
activity,13
facebook-access-token,2
dump,1
web-services,49
morelikethis,1
arm,3
proliant,1
fullscreen,4
time-format,1
libraries,2
unions,2
ilmerge,1
google-translate,1
text-editors,2
ftplib,1
profiling,4
appwidget,1
code-smell,1
java-ee,23
solr,9
c,184
small-business,1
context,2
kindle-fire,1
file-io,13
fl.formal-languages,2
tga,1
asdf,1
distros,1
ps,2
pp,1
java,703
exc-bad-access,2
strategy,1
embedded-linux,2
multiple-versions,1
pi,1
swt,5
text-mode,1
office-integration,1
resttemplate,1
stochastic-processes,4
slideshow,2
rspec,4
dedicated-server,1
z-index,2
p2,1
osx-mountain-lion,5
partial-views,2
batch,12
project-euler,1
compactness,1
spring-webflow,1
riemann-surfaces,1
process-monitoring,1
android-textview,2
demos,1
camera-calibration,1
ria,2
dell-optiplex,1
winmm,1
hadoop,8
classicthesis,1
coffeescript,7
deletion,1
sqlite3,6
shiro,2
facebook-timeline,2
x86,4
d-pad,1
hidden-field,1
mbprogresshud,1
triangulation,1
mips,5
banach-spaces,5
background-image,2
cocomo,1
analysis,15
cpan,1
marshalling,4
eclipse-cdt,1
tables,8
loading,1
hello-world,1
tablet,2
git-tfs,1
envdte,1
advanced-search,1
finder,1
spellchecking,1
associations,4
content-query-web-part,1
approximation-theory,1
aggregation,1
integer,5
jfilechooser,1
linqpad,3
jquery-filter,1
sitemap,3
clustering,1
outer-join,1
google-api,3
traits,1
3.0,2
satellite-image,1
empty-string,2
java-libraries,1
regex,86
xsd,6
simultaneous,1
css-transitions,1
vbulletin,1
rails-activerecord,1
pipeline,2
grand-central-dispatch,1
bounding-box,1
standalone,1
symfony1,3
virus,2
symfony2,16
range,2
strtr,1
varbinary,1
webview,8
pageload,1
myisam,2
webhost,1
zend-search-lucene,1
network-monitoring,1
windows-8-upgrade,1
rows,1
window,7
files,3
criteria,2
isolatedstorage,2
popupwindow,2
partitioning,6
flash-player,1
highlight,1
shortcuts,3
tomcat5.5,3
tomcat7,4
tomcat6,3
rally,1
conic-sections,1
process-explorer,1
mbunit,1
firefox-profile,1
users,3
boost-propertytree,1
error-reporting,1
lucene.net,4
viewhelper,1
posters,1
relaunch,1
uploadify,1
inner-join,3
vendor-neutrality,1
textmate,3
autoincrement,1
scroll,13
nasm,1
microsoft-excel,9
intersystems-cache,1
ggplot2,2
overlap,1
issues,2
wc,1
base64,5
base62,1
languages,1
archlinux,1
eclipse-rcp,4
include,6
junit,7
confirmation,1
anti-aliasing,1
stackoverflow,4
viewstate,1
polling,1
cfg,1
nsfetchedresultscontrolle,4
fold,2
tortoisesvn,5
uinavigationitem,1
bdd,1
gamma-function,1
iframe,7
degree,1
set-theory,4
in-app-billing,2
flvplayback,1
http-streaming,1
jqtouch,1
jquery-ui,36
visual-c#-express-2010,1
tex4ht,1
firefox-addon-sdk,1
google-chrome,27
hypervisor,1
shader,3
nsstring,5
helpers,1
enterprise-library,2
apple,9
apr,2
etoolbox,1
offset,1
apt,1
onscroll,1
apk,4
api,38
summation,1
windows-azure-storage,1
usb,14
fileapi,1
silverlight-3.0,2
xbox360,2
hmacsha1,1
imperative-programming,1
sort,2
proxypass,1
editable,2
backbone-events,1
jquery-xml,2
tableview,4
rubygems,10
eclipse-wtp,1
remote-execution,1
tar,3
calculation,2
rapi,1
mips32,1
serial,1
apex-code,3
dwr,1
sip,2
subdirectory,5
scala-collections,1
mod-mono,1
textblock,1
memoir,2
administrator,2
mkreversegeocoder,1
postback,2
facebook-social-plugins,1
windows-live,2
multiple-inheritance,1
netbeans6.8,1
windows-services,9
auto-generate,1
light,1
failover,6
named-pipes,2
subdomains,2
disabled-control,1
freebsd,5
weblogic-10.x,1
interpreter,2
go-templates,1
spotify,1
amsmath,4
sqlexception,1
multithreading,75
flex,42
crash,8
idiomatic,1
indexing,4
fingerprint,1
http-proxy,1
nfc,1
trac,1
xalan,2
.net,301
nfs,2
mobiscroll,1
order-by,1
videoview,2
winrt-xaml,1
bignum,2
maven-plugin,1
ssh-tunneling,1
simpledateformat,1
mxml,3
xlrd,1
httpurlconnection,3
spring-ws,1
category,2
command-line,29
file-server,2
master-page,1
ubuntu-10.10,1
task-manager,1
induction,3
dictionary,10
ipod,2
achartengine,2
implode,1
multi-tenant,1
pixelate,1
phrases,1
ring-theory,2
filenet,1
xml-schema,2
footnotes,1
maven-3,4
maven-2,8
indesign,1
echo,3
color-picker,1
autoarchive,1
easybcd,1
weka,1
color-scheme,1
makefile,2
monthcalendar,2
thunderbird-addon,1
iphone-provisioning,1
compiler-warnings,2
shell,32
quagga,2
slider,4
sessionid,2
jspx,1
videogames,1
delphi-2009,2
unmarshalling,1
protocol-buffers,2
twitter-api,3
apache-commons,6
linker,5
queryset,1
redmine-plugins,1
recurrence-relations,1
tinyscrollbar,1
dspack,1
windows-sbs-2003,1
windows-sbs-2008,1
trivia,1
automated-tests,1
collaboration,1
cracking,1
class,26
nsautoreleasepool,2
pipe,4
taglib,1
uefi,2
threadpoolexecutor,1
ef-code-first,8
web.py,1
chapters,1
planning,1
insert-into,1
strtol,1
jquery-bbq,1
cache,3
z-order,1
sqlplus,3
flvplaybackcaptioning,1
local,3
urlconnection,1
cube,1
window-manager,3
mfc-feature-pack,1
screen-orientation,1
video-conversion,2
diacritics,3
dropdownchoice,1
custom-action,1
pie-chart,1
qt,29
ice-cream-sandwich,1
listadapter,1
java.util.concurrent,3
qa,2
menuitem,2
stylecop,1
workbench,1
modulo,1
ogre,1
x11,3
google-cloud-endpoints,2
iostat,1
module,11
java.util.logging,1
swizzling,1
probability-theory,7
disk-images,1
xslt,22
firewatir,1
conference-room,1
dll,15
jsoup,1
identification,1
viper,1
malware-removal,1
lvm,1
teamcity,3
zend-framework2,5
p2p,3
homebrew,2
convex-analysis,1
number-systems,1
not-root-user,1
deserialization,2
rdlc,1
environments,2
packaging,1
rpc,4
cxf,4
sequences,1
apache-commons-exec,1
table,26
google-talk,1
qemu,1
yaml,1
nvelocity,1
semaphore,2
porting,1
floats,1
interrupts,1
resteasy,2
vimeo,1
align,2
cursor,4
multivalue,1
untagged,1
pdu,1
rename,2
layer,1
direct3d9,1
phusion,1
facebook-page,4
linq-to-entities,11
lightweight,1
simplepie,1
avg,2
privileges,3
classpath,1
enumeration,3
launch-services,1
sharepoint-enterprise,4
np-complete,1
mathlink,1
functions,7
libvirt,1
openoffice,1
bounds-checker,1
connection-pooling,1
coding-style,12
kaminari,1
uisegmentedcontrol,3
mfc,8
nspredicateeditor,1
tcp,17
tcl,3
virtual-hosts,1
console,11
unsigned,1
sequences-and-series,11
rails-engines,1
dql,1
jython,2
matlab-deployment,1
wix3,1
jboss-weld,1
http-server,1
check-out,1
tips-and-tricks,1
diskmanagement,1
xml-rpc,3
service-application,1
mod-rewrite,16
subviews,1
sequence,2
kde,1
kdb,1
tumblr,2
export,8
superclass,1
fileinfo,1
buildout,1
leak,3
cross-domain,1
dijit.layout,1
pyrocms,2
disk-usage,1
nservicebus3,2
rj-45,1
shopify,2
extension,2
cpu-usage,1
column,1
universe,1
ashx,1
constructor,6
ndp,1
clojure,8
umbraco,4
promise,1
registration,3
negate,1
seo-friendly,2
transfer,1
apps,1
application-loader,1
vax,1
extension-methods,5
filesize,1
database-restore,1
var,2
log4net,4
django-admin,3
hyper-v,2
infopath-2007,1
appdelegate,1
phusion-passenger,1
godaddy,2
regexkitlite,1
projective-geometry,1
record,1
information-extraction,1
big-o,3
graphite,1
django-templates,9
graphiti,1
gaps-and-islands,1
android-preferences,1
office-2003,1
8bit,1
reloaddata,1
boot,10
sicp,1
mongodb-php,1
branch,2
php5,7
riak,1
packet-shaping,1
mobile-application,2
week-number,1
asset-pipeline,3
squeak,1
debian,18
multidimensional-array,13
coupling,1
sass,3
init-script,1
jscript,1
bcp,1
prototype-programming,1
python-idle,1
